image_a,image_b,shared_layers,shared_size_mb
python:3.11,python:3.11-slim,0,0
python:3.11,golang:1.22,0,0
python:3.11,ubuntu:22.04,0,0
python:3.11,debian:12,0,0
python:3.11,alpine:3.19,0,0
python:3.11,busybox:1.36,0,0
python:3.11,memcached:1.6,0,0
python:3.11,httpd:2.4,0,0
python:3.11,nginx:1.25,0,0
python:3.11,caddy:2,0,0
python:3.11,haproxy:2.9,0,0
python:3.11,mysql:8.0,0,0
python:3.11,mariadb:11,0,0
python:3.11,redis:7,0,0
python:3.11,postgres:16,0,0
python:3.11,mongo:7,0,0
python:3.11,rabbitmq:3-management,0,0
python:3.11,zookeeper:3.9,0,0
python:3.11,registry:2,0,0
python:3.11,wordpress:6.4,0,0
python:3.11,ghost:5-alpine,0,0
python:3.11,node:20,0,0
python:3.11,node:20-alpine,0,0
python:3.11,flink:1.18,0,0
python:3.11,cassandra:4.1,0,0
python:3.11,eclipse-temurin:17,0,0
python:3.11,php:8.2-apache,0,0
python:3.11,ruby:3.2,0,0
python:3.11,perl:5.38,4,361.2418
python:3.11,prom/prometheus:v2.52.0,0,0
python:3.11,grafana/grafana:10.4.1,0,0
python:3.11,fluent/fluent-bit:3.0,0,0
python:3.11,logstash:8.13.0,0,0
python:3.11,telegraf:1.30,0,0
python:3.11,influxdb:2.7,0,0
python:3.11,minio/minio:latest,0,0
python:3.11,jenkins/jenkins:lts,0,0
python:3.11,gitlab/gitlab-runner:alpine,0,0
python:3.11,hashicorp/http-echo:latest,0,0
python:3.11,consul:1.15,0,0
python:3.11,nats:2.10,0,0
python:3.11,solr:9,0,0
python:3.11,varnish:7,0,0
python:3.11,traefik:v3.0,0,0
python:3.11,eclipse-mosquitto:2,0,0
python:3.11,sonarqube:community,0,0
python:3.11-slim,golang:1.22,0,0
python:3.11-slim,ubuntu:22.04,0,0
python:3.11-slim,debian:12,0,0
python:3.11-slim,alpine:3.19,0,0
python:3.11-slim,busybox:1.36,0,0
python:3.11-slim,memcached:1.6,1,28.4006
python:3.11-slim,httpd:2.4,1,28.4006
python:3.11-slim,nginx:1.25,0,0
python:3.11-slim,caddy:2,0,0
python:3.11-slim,haproxy:2.9,0,0
python:3.11-slim,mysql:8.0,0,0
python:3.11-slim,mariadb:11,0,0
python:3.11-slim,redis:7,0,0
python:3.11-slim,postgres:16,1,28.4006
python:3.11-slim,mongo:7,0,0
python:3.11-slim,rabbitmq:3-management,0,0
python:3.11-slim,zookeeper:3.9,0,0
python:3.11-slim,registry:2,0,0
python:3.11-slim,wordpress:6.4,0,0
python:3.11-slim,ghost:5-alpine,0,0
python:3.11-slim,node:20,0,0
python:3.11-slim,node:20-alpine,0,0
python:3.11-slim,flink:1.18,0,0
python:3.11-slim,cassandra:4.1,0,0
python:3.11-slim,eclipse-temurin:17,0,0
python:3.11-slim,php:8.2-apache,1,28.4006
python:3.11-slim,ruby:3.2,0,0
python:3.11-slim,perl:5.38,0,0
python:3.11-slim,prom/prometheus:v2.52.0,0,0
python:3.11-slim,grafana/grafana:10.4.1,0,0
python:3.11-slim,fluent/fluent-bit:3.0,0,0
python:3.11-slim,logstash:8.13.0,0,0
python:3.11-slim,telegraf:1.30,0,0
python:3.11-slim,influxdb:2.7,0,0
python:3.11-slim,minio/minio:latest,0,0
python:3.11-slim,jenkins/jenkins:lts,0,0
python:3.11-slim,gitlab/gitlab-runner:alpine,0,0
python:3.11-slim,hashicorp/http-echo:latest,0,0
python:3.11-slim,consul:1.15,0,0
python:3.11-slim,nats:2.10,0,0
python:3.11-slim,solr:9,0,0
python:3.11-slim,varnish:7,0,0
python:3.11-slim,traefik:v3.0,0,0
python:3.11-slim,eclipse-mosquitto:2,0,0
python:3.11-slim,sonarqube:community,0,0
golang:1.22,ubuntu:22.04,0,0
golang:1.22,debian:12,0,0
golang:1.22,alpine:3.19,0,0
golang:1.22,busybox:1.36,0,0
golang:1.22,memcached:1.6,0,0
golang:1.22,httpd:2.4,1,0.0
golang:1.22,nginx:1.25,0,0
golang:1.22,caddy:2,1,0.0
golang:1.22,haproxy:2.9,1,0.0
golang:1.22,mysql:8.0,0,0
golang:1.22,mariadb:11,0,0
golang:1.22,redis:7,1,0.0
golang:1.22,postgres:16,0,0
golang:1.22,mongo:7,0,0
golang:1.22,rabbitmq:3-management,0,0
golang:1.22,zookeeper:3.9,1,0.0
golang:1.22,registry:2,0,0
golang:1.22,wordpress:6.4,0,0
golang:1.22,ghost:5-alpine,1,0.0
golang:1.22,node:20,0,0
golang:1.22,node:20-alpine,0,0
golang:1.22,flink:1.18,0,0
golang:1.22,cassandra:4.1,0,0
golang:1.22,eclipse-temurin:17,0,0
golang:1.22,php:8.2-apache,1,0.0
golang:1.22,ruby:3.2,0,0
golang:1.22,perl:5.38,1,0.0
golang:1.22,prom/prometheus:v2.52.0,0,0
golang:1.22,grafana/grafana:10.4.1,0,0
golang:1.22,fluent/fluent-bit:3.0,0,0
golang:1.22,logstash:8.13.0,1,0.0
golang:1.22,telegraf:1.30,0,0
golang:1.22,influxdb:2.7,0,0
golang:1.22,minio/minio:latest,0,0
golang:1.22,jenkins/jenkins:lts,0,0
golang:1.22,gitlab/gitlab-runner:alpine,0,0
golang:1.22,hashicorp/http-echo:latest,0,0
golang:1.22,consul:1.15,0,0
golang:1.22,nats:2.10,0,0
golang:1.22,solr:9,1,0.0
golang:1.22,varnish:7,1,0.0
golang:1.22,traefik:v3.0,0,0
golang:1.22,eclipse-mosquitto:2,0,0
golang:1.22,sonarqube:community,1,0.0
ubuntu:22.04,debian:12,0,0
ubuntu:22.04,alpine:3.19,0,0
ubuntu:22.04,busybox:1.36,0,0
ubuntu:22.04,memcached:1.6,0,0
ubuntu:22.04,httpd:2.4,0,0
ubuntu:22.04,nginx:1.25,0,0
ubuntu:22.04,caddy:2,0,0
ubuntu:22.04,haproxy:2.9,0,0
ubuntu:22.04,mysql:8.0,0,0
ubuntu:22.04,mariadb:11,0,0
ubuntu:22.04,redis:7,0,0
ubuntu:22.04,postgres:16,0,0
ubuntu:22.04,mongo:7,1,28.3589
ubuntu:22.04,rabbitmq:3-management,0,0
ubuntu:22.04,zookeeper:3.9,1,28.3589
ubuntu:22.04,registry:2,0,0
ubuntu:22.04,wordpress:6.4,0,0
ubuntu:22.04,ghost:5-alpine,0,0
ubuntu:22.04,node:20,0,0
ubuntu:22.04,node:20-alpine,0,0
ubuntu:22.04,flink:1.18,0,0
ubuntu:22.04,cassandra:4.1,0,0
ubuntu:22.04,eclipse-temurin:17,0,0
ubuntu:22.04,php:8.2-apache,0,0
ubuntu:22.04,ruby:3.2,0,0
ubuntu:22.04,perl:5.38,0,0
ubuntu:22.04,prom/prometheus:v2.52.0,0,0
ubuntu:22.04,grafana/grafana:10.4.1,0,0
ubuntu:22.04,fluent/fluent-bit:3.0,0,0
ubuntu:22.04,logstash:8.13.0,0,0
ubuntu:22.04,telegraf:1.30,0,0
ubuntu:22.04,influxdb:2.7,0,0
ubuntu:22.04,minio/minio:latest,0,0
ubuntu:22.04,jenkins/jenkins:lts,0,0
ubuntu:22.04,gitlab/gitlab-runner:alpine,0,0
ubuntu:22.04,hashicorp/http-echo:latest,0,0
ubuntu:22.04,consul:1.15,0,0
ubuntu:22.04,nats:2.10,0,0
ubuntu:22.04,solr:9,1,28.3589
ubuntu:22.04,varnish:7,0,0
ubuntu:22.04,traefik:v3.0,0,0
ubuntu:22.04,eclipse-mosquitto:2,0,0
ubuntu:22.04,sonarqube:community,0,0
debian:12,alpine:3.19,0,0
debian:12,busybox:1.36,0,0
debian:12,memcached:1.6,0,0
debian:12,httpd:2.4,0,0
debian:12,nginx:1.25,0,0
debian:12,caddy:2,0,0
debian:12,haproxy:2.9,0,0
debian:12,mysql:8.0,0,0
debian:12,mariadb:11,0,0
debian:12,redis:7,0,0
debian:12,postgres:16,0,0
debian:12,mongo:7,0,0
debian:12,rabbitmq:3-management,0,0
debian:12,zookeeper:3.9,0,0
debian:12,registry:2,0,0
debian:12,wordpress:6.4,0,0
debian:12,ghost:5-alpine,0,0
debian:12,node:20,1,46.2424
debian:12,node:20-alpine,0,0
debian:12,flink:1.18,0,0
debian:12,cassandra:4.1,0,0
debian:12,eclipse-temurin:17,0,0
debian:12,php:8.2-apache,0,0
debian:12,ruby:3.2,0,0
debian:12,perl:5.38,0,0
debian:12,prom/prometheus:v2.52.0,0,0
debian:12,grafana/grafana:10.4.1,0,0
debian:12,fluent/fluent-bit:3.0,0,0
debian:12,logstash:8.13.0,0,0
debian:12,telegraf:1.30,0,0
debian:12,influxdb:2.7,0,0
debian:12,minio/minio:latest,0,0
debian:12,jenkins/jenkins:lts,0,0
debian:12,gitlab/gitlab-runner:alpine,0,0
debian:12,hashicorp/http-echo:latest,0,0
debian:12,consul:1.15,0,0
debian:12,nats:2.10,0,0
debian:12,solr:9,0,0
debian:12,varnish:7,0,0
debian:12,traefik:v3.0,0,0
debian:12,eclipse-mosquitto:2,0,0
debian:12,sonarqube:community,0,0
alpine:3.19,busybox:1.36,0,0
alpine:3.19,memcached:1.6,0,0
alpine:3.19,httpd:2.4,0,0
alpine:3.19,nginx:1.25,0,0
alpine:3.19,caddy:2,0,0
alpine:3.19,haproxy:2.9,0,0
alpine:3.19,mysql:8.0,0,0
alpine:3.19,mariadb:11,0,0
alpine:3.19,redis:7,0,0
alpine:3.19,postgres:16,0,0
alpine:3.19,mongo:7,0,0
alpine:3.19,rabbitmq:3-management,0,0
alpine:3.19,zookeeper:3.9,0,0
alpine:3.19,registry:2,0,0
alpine:3.19,wordpress:6.4,0,0
alpine:3.19,ghost:5-alpine,0,0
alpine:3.19,node:20,0,0
alpine:3.19,node:20-alpine,0,0
alpine:3.19,flink:1.18,0,0
alpine:3.19,cassandra:4.1,0,0
alpine:3.19,eclipse-temurin:17,0,0
alpine:3.19,php:8.2-apache,0,0
alpine:3.19,ruby:3.2,0,0
alpine:3.19,perl:5.38,0,0
alpine:3.19,prom/prometheus:v2.52.0,0,0
alpine:3.19,grafana/grafana:10.4.1,0,0
alpine:3.19,fluent/fluent-bit:3.0,0,0
alpine:3.19,logstash:8.13.0,0,0
alpine:3.19,telegraf:1.30,0,0
alpine:3.19,influxdb:2.7,0,0
alpine:3.19,minio/minio:latest,0,0
alpine:3.19,jenkins/jenkins:lts,0,0
alpine:3.19,gitlab/gitlab-runner:alpine,0,0
alpine:3.19,hashicorp/http-echo:latest,0,0
alpine:3.19,consul:1.15,0,0
alpine:3.19,nats:2.10,0,0
alpine:3.19,solr:9,0,0
alpine:3.19,varnish:7,0,0
alpine:3.19,traefik:v3.0,0,0
alpine:3.19,eclipse-mosquitto:2,0,0
alpine:3.19,sonarqube:community,0,0
busybox:1.36,memcached:1.6,0,0
busybox:1.36,httpd:2.4,0,0
busybox:1.36,nginx:1.25,0,0
busybox:1.36,caddy:2,0,0
busybox:1.36,haproxy:2.9,0,0
busybox:1.36,mysql:8.0,0,0
busybox:1.36,mariadb:11,0,0
busybox:1.36,redis:7,0,0
busybox:1.36,postgres:16,0,0
busybox:1.36,mongo:7,0,0
busybox:1.36,rabbitmq:3-management,0,0
busybox:1.36,zookeeper:3.9,0,0
busybox:1.36,registry:2,0,0
busybox:1.36,wordpress:6.4,0,0
busybox:1.36,ghost:5-alpine,0,0
busybox:1.36,node:20,0,0
busybox:1.36,node:20-alpine,0,0
busybox:1.36,flink:1.18,0,0
busybox:1.36,cassandra:4.1,0,0
busybox:1.36,eclipse-temurin:17,0,0
busybox:1.36,php:8.2-apache,0,0
busybox:1.36,ruby:3.2,0,0
busybox:1.36,perl:5.38,0,0
busybox:1.36,prom/prometheus:v2.52.0,0,0
busybox:1.36,grafana/grafana:10.4.1,0,0
busybox:1.36,fluent/fluent-bit:3.0,0,0
busybox:1.36,logstash:8.13.0,0,0
busybox:1.36,telegraf:1.30,0,0
busybox:1.36,influxdb:2.7,0,0
busybox:1.36,minio/minio:latest,0,0
busybox:1.36,jenkins/jenkins:lts,0,0
busybox:1.36,gitlab/gitlab-runner:alpine,0,0
busybox:1.36,hashicorp/http-echo:latest,0,0
busybox:1.36,consul:1.15,0,0
busybox:1.36,nats:2.10,0,0
busybox:1.36,solr:9,0,0
busybox:1.36,varnish:7,0,0
busybox:1.36,traefik:v3.0,0,0
busybox:1.36,eclipse-mosquitto:2,0,0
busybox:1.36,sonarqube:community,0,0
memcached:1.6,httpd:2.4,1,28.4006
memcached:1.6,nginx:1.25,0,0
memcached:1.6,caddy:2,0,0
memcached:1.6,haproxy:2.9,0,0
memcached:1.6,mysql:8.0,0,0
memcached:1.6,mariadb:11,0,0
memcached:1.6,redis:7,0,0
memcached:1.6,postgres:16,1,28.4006
memcached:1.6,mongo:7,0,0
memcached:1.6,rabbitmq:3-management,0,0
memcached:1.6,zookeeper:3.9,0,0
memcached:1.6,registry:2,0,0
memcached:1.6,wordpress:6.4,0,0
memcached:1.6,ghost:5-alpine,0,0
memcached:1.6,node:20,0,0
memcached:1.6,node:20-alpine,0,0
memcached:1.6,flink:1.18,0,0
memcached:1.6,cassandra:4.1,0,0
memcached:1.6,eclipse-temurin:17,0,0
memcached:1.6,php:8.2-apache,1,28.4006
memcached:1.6,ruby:3.2,0,0
memcached:1.6,perl:5.38,0,0
memcached:1.6,prom/prometheus:v2.52.0,0,0
memcached:1.6,grafana/grafana:10.4.1,0,0
memcached:1.6,fluent/fluent-bit:3.0,0,0
memcached:1.6,logstash:8.13.0,0,0
memcached:1.6,telegraf:1.30,0,0
memcached:1.6,influxdb:2.7,0,0
memcached:1.6,minio/minio:latest,0,0
memcached:1.6,jenkins/jenkins:lts,0,0
memcached:1.6,gitlab/gitlab-runner:alpine,0,0
memcached:1.6,hashicorp/http-echo:latest,0,0
memcached:1.6,consul:1.15,0,0
memcached:1.6,nats:2.10,0,0
memcached:1.6,solr:9,0,0
memcached:1.6,varnish:7,0,0
memcached:1.6,traefik:v3.0,0,0
memcached:1.6,eclipse-mosquitto:2,0,0
memcached:1.6,sonarqube:community,0,0
httpd:2.4,nginx:1.25,0,0
httpd:2.4,caddy:2,1,0.0
httpd:2.4,haproxy:2.9,1,0.0
httpd:2.4,mysql:8.0,0,0
httpd:2.4,mariadb:11,0,0
httpd:2.4,redis:7,1,0.0
httpd:2.4,postgres:16,1,28.4006
httpd:2.4,mongo:7,0,0
httpd:2.4,rabbitmq:3-management,0,0
httpd:2.4,zookeeper:3.9,1,0.0
httpd:2.4,registry:2,0,0
httpd:2.4,wordpress:6.4,0,0
httpd:2.4,ghost:5-alpine,1,0.0
httpd:2.4,node:20,0,0
httpd:2.4,node:20-alpine,0,0
httpd:2.4,flink:1.18,0,0
httpd:2.4,cassandra:4.1,0,0
httpd:2.4,eclipse-temurin:17,0,0
httpd:2.4,php:8.2-apache,2,28.4006
httpd:2.4,ruby:3.2,0,0
httpd:2.4,perl:5.38,1,0.0
httpd:2.4,prom/prometheus:v2.52.0,0,0
httpd:2.4,grafana/grafana:10.4.1,0,0
httpd:2.4,fluent/fluent-bit:3.0,0,0
httpd:2.4,logstash:8.13.0,1,0.0
httpd:2.4,telegraf:1.30,0,0
httpd:2.4,influxdb:2.7,0,0
httpd:2.4,minio/minio:latest,0,0
httpd:2.4,jenkins/jenkins:lts,0,0
httpd:2.4,gitlab/gitlab-runner:alpine,0,0
httpd:2.4,hashicorp/http-echo:latest,0,0
httpd:2.4,consul:1.15,0,0
httpd:2.4,nats:2.10,0,0
httpd:2.4,solr:9,1,0.0
httpd:2.4,varnish:7,1,0.0
httpd:2.4,traefik:v3.0,0,0
httpd:2.4,eclipse-mosquitto:2,0,0
httpd:2.4,sonarqube:community,1,0.0
nginx:1.25,caddy:2,0,0
nginx:1.25,haproxy:2.9,0,0
nginx:1.25,mysql:8.0,0,0
nginx:1.25,mariadb:11,0,0
nginx:1.25,redis:7,0,0
nginx:1.25,postgres:16,0,0
nginx:1.25,mongo:7,0,0
nginx:1.25,rabbitmq:3-management,0,0
nginx:1.25,zookeeper:3.9,0,0
nginx:1.25,registry:2,0,0
nginx:1.25,wordpress:6.4,0,0
nginx:1.25,ghost:5-alpine,0,0
nginx:1.25,node:20,0,0
nginx:1.25,node:20-alpine,0,0
nginx:1.25,flink:1.18,0,0
nginx:1.25,cassandra:4.1,0,0
nginx:1.25,eclipse-temurin:17,0,0
nginx:1.25,php:8.2-apache,0,0
nginx:1.25,ruby:3.2,0,0
nginx:1.25,perl:5.38,0,0
nginx:1.25,prom/prometheus:v2.52.0,0,0
nginx:1.25,grafana/grafana:10.4.1,0,0
nginx:1.25,fluent/fluent-bit:3.0,0,0
nginx:1.25,logstash:8.13.0,0,0
nginx:1.25,telegraf:1.30,0,0
nginx:1.25,influxdb:2.7,0,0
nginx:1.25,minio/minio:latest,0,0
nginx:1.25,jenkins/jenkins:lts,0,0
nginx:1.25,gitlab/gitlab-runner:alpine,0,0
nginx:1.25,hashicorp/http-echo:latest,0,0
nginx:1.25,consul:1.15,0,0
nginx:1.25,nats:2.10,0,0
nginx:1.25,solr:9,0,0
nginx:1.25,varnish:7,0,0
nginx:1.25,traefik:v3.0,0,0
nginx:1.25,eclipse-mosquitto:2,0,0
nginx:1.25,sonarqube:community,0,0
caddy:2,haproxy:2.9,1,0.0
caddy:2,mysql:8.0,0,0
caddy:2,mariadb:11,0,0
caddy:2,redis:7,1,0.0
caddy:2,postgres:16,0,0
caddy:2,mongo:7,0,0
caddy:2,rabbitmq:3-management,0,0
caddy:2,zookeeper:3.9,1,0.0
caddy:2,registry:2,0,0
caddy:2,wordpress:6.4,0,0
caddy:2,ghost:5-alpine,1,0.0
caddy:2,node:20,0,0
caddy:2,node:20-alpine,1,3.6852
caddy:2,flink:1.18,0,0
caddy:2,cassandra:4.1,0,0
caddy:2,eclipse-temurin:17,0,0
caddy:2,php:8.2-apache,1,0.0
caddy:2,ruby:3.2,0,0
caddy:2,perl:5.38,1,0.0
caddy:2,prom/prometheus:v2.52.0,0,0
caddy:2,grafana/grafana:10.4.1,0,0
caddy:2,fluent/fluent-bit:3.0,0,0
caddy:2,logstash:8.13.0,1,0.0
caddy:2,telegraf:1.30,0,0
caddy:2,influxdb:2.7,0,0
caddy:2,minio/minio:latest,0,0
caddy:2,jenkins/jenkins:lts,0,0
caddy:2,gitlab/gitlab-runner:alpine,0,0
caddy:2,hashicorp/http-echo:latest,0,0
caddy:2,consul:1.15,0,0
caddy:2,nats:2.10,0,0
caddy:2,solr:9,1,0.0
caddy:2,varnish:7,1,0.0
caddy:2,traefik:v3.0,0,0
caddy:2,eclipse-mosquitto:2,1,3.6852
caddy:2,sonarqube:community,1,0.0
haproxy:2.9,mysql:8.0,0,0
haproxy:2.9,mariadb:11,0,0
haproxy:2.9,redis:7,1,0.0
haproxy:2.9,postgres:16,0,0
haproxy:2.9,mongo:7,0,0
haproxy:2.9,rabbitmq:3-management,0,0
haproxy:2.9,zookeeper:3.9,1,0.0
haproxy:2.9,registry:2,0,0
haproxy:2.9,wordpress:6.4,0,0
haproxy:2.9,ghost:5-alpine,1,0.0
haproxy:2.9,node:20,0,0
haproxy:2.9,node:20-alpine,0,0
haproxy:2.9,flink:1.18,0,0
haproxy:2.9,cassandra:4.1,0,0
haproxy:2.9,eclipse-temurin:17,0,0
haproxy:2.9,php:8.2-apache,1,0.0
haproxy:2.9,ruby:3.2,0,0
haproxy:2.9,perl:5.38,1,0.0
haproxy:2.9,prom/prometheus:v2.52.0,0,0
haproxy:2.9,grafana/grafana:10.4.1,0,0
haproxy:2.9,fluent/fluent-bit:3.0,0,0
haproxy:2.9,logstash:8.13.0,1,0.0
haproxy:2.9,telegraf:1.30,0,0
haproxy:2.9,influxdb:2.7,0,0
haproxy:2.9,minio/minio:latest,0,0
haproxy:2.9,jenkins/jenkins:lts,0,0
haproxy:2.9,gitlab/gitlab-runner:alpine,0,0
haproxy:2.9,hashicorp/http-echo:latest,0,0
haproxy:2.9,consul:1.15,0,0
haproxy:2.9,nats:2.10,0,0
haproxy:2.9,solr:9,1,0.0
haproxy:2.9,varnish:7,1,0.0
haproxy:2.9,traefik:v3.0,0,0
haproxy:2.9,eclipse-mosquitto:2,0,0
haproxy:2.9,sonarqube:community,1,0.0
mysql:8.0,mariadb:11,0,0
mysql:8.0,redis:7,0,0
mysql:8.0,postgres:16,0,0
mysql:8.0,mongo:7,0,0
mysql:8.0,rabbitmq:3-management,0,0
mysql:8.0,zookeeper:3.9,0,0
mysql:8.0,registry:2,0,0
mysql:8.0,wordpress:6.4,0,0
mysql:8.0,ghost:5-alpine,0,0
mysql:8.0,node:20,0,0
mysql:8.0,node:20-alpine,0,0
mysql:8.0,flink:1.18,0,0
mysql:8.0,cassandra:4.1,0,0
mysql:8.0,eclipse-temurin:17,0,0
mysql:8.0,php:8.2-apache,0,0
mysql:8.0,ruby:3.2,0,0
mysql:8.0,perl:5.38,0,0
mysql:8.0,prom/prometheus:v2.52.0,0,0
mysql:8.0,grafana/grafana:10.4.1,0,0
mysql:8.0,fluent/fluent-bit:3.0,0,0
mysql:8.0,logstash:8.13.0,0,0
mysql:8.0,telegraf:1.30,0,0
mysql:8.0,influxdb:2.7,0,0
mysql:8.0,minio/minio:latest,0,0
mysql:8.0,jenkins/jenkins:lts,0,0
mysql:8.0,gitlab/gitlab-runner:alpine,0,0
mysql:8.0,hashicorp/http-echo:latest,0,0
mysql:8.0,consul:1.15,0,0
mysql:8.0,nats:2.10,0,0
mysql:8.0,solr:9,0,0
mysql:8.0,varnish:7,0,0
mysql:8.0,traefik:v3.0,0,0
mysql:8.0,eclipse-mosquitto:2,0,0
mysql:8.0,sonarqube:community,0,0
mariadb:11,redis:7,0,0
mariadb:11,postgres:16,0,0
mariadb:11,mongo:7,0,0
mariadb:11,rabbitmq:3-management,0,0
mariadb:11,zookeeper:3.9,0,0
mariadb:11,registry:2,0,0
mariadb:11,wordpress:6.4,0,0
mariadb:11,ghost:5-alpine,0,0
mariadb:11,node:20,0,0
mariadb:11,node:20-alpine,0,0
mariadb:11,flink:1.18,0,0
mariadb:11,cassandra:4.1,0,0
mariadb:11,eclipse-temurin:17,1,28.3556
mariadb:11,php:8.2-apache,0,0
mariadb:11,ruby:3.2,0,0
mariadb:11,perl:5.38,0,0
mariadb:11,prom/prometheus:v2.52.0,0,0
mariadb:11,grafana/grafana:10.4.1,0,0
mariadb:11,fluent/fluent-bit:3.0,0,0
mariadb:11,logstash:8.13.0,0,0
mariadb:11,telegraf:1.30,0,0
mariadb:11,influxdb:2.7,0,0
mariadb:11,minio/minio:latest,0,0
mariadb:11,jenkins/jenkins:lts,0,0
mariadb:11,gitlab/gitlab-runner:alpine,0,0
mariadb:11,hashicorp/http-echo:latest,0,0
mariadb:11,consul:1.15,0,0
mariadb:11,nats:2.10,0,0
mariadb:11,solr:9,0,0
mariadb:11,varnish:7,0,0
mariadb:11,traefik:v3.0,0,0
mariadb:11,eclipse-mosquitto:2,0,0
mariadb:11,sonarqube:community,1,28.3556
redis:7,postgres:16,0,0
redis:7,mongo:7,0,0
redis:7,rabbitmq:3-management,0,0
redis:7,zookeeper:3.9,1,0.0
redis:7,registry:2,0,0
redis:7,wordpress:6.4,0,0
redis:7,ghost:5-alpine,1,0.0
redis:7,node:20,0,0
redis:7,node:20-alpine,0,0
redis:7,flink:1.18,0,0
redis:7,cassandra:4.1,1,26.9282
redis:7,eclipse-temurin:17,0,0
redis:7,php:8.2-apache,1,0.0
redis:7,ruby:3.2,0,0
redis:7,perl:5.38,1,0.0
redis:7,prom/prometheus:v2.52.0,0,0
redis:7,grafana/grafana:10.4.1,0,0
redis:7,fluent/fluent-bit:3.0,0,0
redis:7,logstash:8.13.0,1,0.0
redis:7,telegraf:1.30,0,0
redis:7,influxdb:2.7,1,26.9282
redis:7,minio/minio:latest,0,0
redis:7,jenkins/jenkins:lts,0,0
redis:7,gitlab/gitlab-runner:alpine,0,0
redis:7,hashicorp/http-echo:latest,0,0
redis:7,consul:1.15,0,0
redis:7,nats:2.10,0,0
redis:7,solr:9,1,0.0
redis:7,varnish:7,1,0.0
redis:7,traefik:v3.0,0,0
redis:7,eclipse-mosquitto:2,0,0
redis:7,sonarqube:community,1,0.0
postgres:16,mongo:7,0,0
postgres:16,rabbitmq:3-management,0,0
postgres:16,zookeeper:3.9,0,0
postgres:16,registry:2,0,0
postgres:16,wordpress:6.4,0,0
postgres:16,ghost:5-alpine,0,0
postgres:16,node:20,0,0
postgres:16,node:20-alpine,0,0
postgres:16,flink:1.18,0,0
postgres:16,cassandra:4.1,0,0
postgres:16,eclipse-temurin:17,0,0
postgres:16,php:8.2-apache,1,28.4006
postgres:16,ruby:3.2,0,0
postgres:16,perl:5.38,0,0
postgres:16,prom/prometheus:v2.52.0,0,0
postgres:16,grafana/grafana:10.4.1,0,0
postgres:16,fluent/fluent-bit:3.0,0,0
postgres:16,logstash:8.13.0,0,0
postgres:16,telegraf:1.30,0,0
postgres:16,influxdb:2.7,0,0
postgres:16,minio/minio:latest,0,0
postgres:16,jenkins/jenkins:lts,0,0
postgres:16,gitlab/gitlab-runner:alpine,0,0
postgres:16,hashicorp/http-echo:latest,0,0
postgres:16,consul:1.15,0,0
postgres:16,nats:2.10,0,0
postgres:16,solr:9,0,0
postgres:16,varnish:7,0,0
postgres:16,traefik:v3.0,0,0
postgres:16,eclipse-mosquitto:2,0,0
postgres:16,sonarqube:community,0,0
mongo:7,rabbitmq:3-management,0,0
mongo:7,zookeeper:3.9,1,28.3589
mongo:7,registry:2,0,0
mongo:7,wordpress:6.4,0,0
mongo:7,ghost:5-alpine,0,0
mongo:7,node:20,0,0
mongo:7,node:20-alpine,0,0
mongo:7,flink:1.18,0,0
mongo:7,cassandra:4.1,0,0
mongo:7,eclipse-temurin:17,0,0
mongo:7,php:8.2-apache,0,0
mongo:7,ruby:3.2,0,0
mongo:7,perl:5.38,0,0
mongo:7,prom/prometheus:v2.52.0,0,0
mongo:7,grafana/grafana:10.4.1,0,0
mongo:7,fluent/fluent-bit:3.0,0,0
mongo:7,logstash:8.13.0,0,0
mongo:7,telegraf:1.30,0,0
mongo:7,influxdb:2.7,0,0
mongo:7,minio/minio:latest,0,0
mongo:7,jenkins/jenkins:lts,0,0
mongo:7,gitlab/gitlab-runner:alpine,0,0
mongo:7,hashicorp/http-echo:latest,0,0
mongo:7,consul:1.15,0,0
mongo:7,nats:2.10,0,0
mongo:7,solr:9,1,28.3589
mongo:7,varnish:7,0,0
mongo:7,traefik:v3.0,0,0
mongo:7,eclipse-mosquitto:2,0,0
mongo:7,sonarqube:community,0,0
rabbitmq:3-management,zookeeper:3.9,0,0
rabbitmq:3-management,registry:2,0,0
rabbitmq:3-management,wordpress:6.4,0,0
rabbitmq:3-management,ghost:5-alpine,0,0
rabbitmq:3-management,node:20,0,0
rabbitmq:3-management,node:20-alpine,0,0
rabbitmq:3-management,flink:1.18,0,0
rabbitmq:3-management,cassandra:4.1,0,0
rabbitmq:3-management,eclipse-temurin:17,0,0
rabbitmq:3-management,php:8.2-apache,0,0
rabbitmq:3-management,ruby:3.2,0,0
rabbitmq:3-management,perl:5.38,0,0
rabbitmq:3-management,prom/prometheus:v2.52.0,0,0
rabbitmq:3-management,grafana/grafana:10.4.1,0,0
rabbitmq:3-management,fluent/fluent-bit:3.0,0,0
rabbitmq:3-management,logstash:8.13.0,0,0
rabbitmq:3-management,telegraf:1.30,0,0
rabbitmq:3-management,influxdb:2.7,0,0
rabbitmq:3-management,minio/minio:latest,0,0
rabbitmq:3-management,jenkins/jenkins:lts,0,0
rabbitmq:3-management,gitlab/gitlab-runner:alpine,0,0
rabbitmq:3-management,hashicorp/http-echo:latest,0,0
rabbitmq:3-management,consul:1.15,0,0
rabbitmq:3-management,nats:2.10,0,0
rabbitmq:3-management,solr:9,0,0
rabbitmq:3-management,varnish:7,0,0
rabbitmq:3-management,traefik:v3.0,0,0
rabbitmq:3-management,eclipse-mosquitto:2,0,0
rabbitmq:3-management,sonarqube:community,0,0
zookeeper:3.9,registry:2,0,0
zookeeper:3.9,wordpress:6.4,0,0
zookeeper:3.9,ghost:5-alpine,1,0.0
zookeeper:3.9,node:20,0,0
zookeeper:3.9,node:20-alpine,0,0
zookeeper:3.9,flink:1.18,0,0
zookeeper:3.9,cassandra:4.1,0,0
zookeeper:3.9,eclipse-temurin:17,0,0
zookeeper:3.9,php:8.2-apache,1,0.0
zookeeper:3.9,ruby:3.2,0,0
zookeeper:3.9,perl:5.38,1,0.0
zookeeper:3.9,prom/prometheus:v2.52.0,0,0
zookeeper:3.9,grafana/grafana:10.4.1,0,0
zookeeper:3.9,fluent/fluent-bit:3.0,0,0
zookeeper:3.9,logstash:8.13.0,1,0.0
zookeeper:3.9,telegraf:1.30,0,0
zookeeper:3.9,influxdb:2.7,0,0
zookeeper:3.9,minio/minio:latest,0,0
zookeeper:3.9,jenkins/jenkins:lts,0,0
zookeeper:3.9,gitlab/gitlab-runner:alpine,0,0
zookeeper:3.9,hashicorp/http-echo:latest,0,0
zookeeper:3.9,consul:1.15,0,0
zookeeper:3.9,nats:2.10,0,0
zookeeper:3.9,solr:9,6,89.0014
zookeeper:3.9,varnish:7,1,0.0
zookeeper:3.9,traefik:v3.0,0,0
zookeeper:3.9,eclipse-mosquitto:2,0,0
zookeeper:3.9,sonarqube:community,1,0.0
registry:2,wordpress:6.4,0,0
registry:2,ghost:5-alpine,0,0
registry:2,node:20,0,0
registry:2,node:20-alpine,0,0
registry:2,flink:1.18,0,0
registry:2,cassandra:4.1,0,0
registry:2,eclipse-temurin:17,0,0
registry:2,php:8.2-apache,0,0
registry:2,ruby:3.2,0,0
registry:2,perl:5.38,0,0
registry:2,prom/prometheus:v2.52.0,0,0
registry:2,grafana/grafana:10.4.1,0,0
registry:2,fluent/fluent-bit:3.0,0,0
registry:2,logstash:8.13.0,0,0
registry:2,telegraf:1.30,0,0
registry:2,influxdb:2.7,0,0
registry:2,minio/minio:latest,0,0
registry:2,jenkins/jenkins:lts,0,0
registry:2,gitlab/gitlab-runner:alpine,0,0
registry:2,hashicorp/http-echo:latest,0,0
registry:2,consul:1.15,0,0
registry:2,nats:2.10,0,0
registry:2,solr:9,0,0
registry:2,varnish:7,0,0
registry:2,traefik:v3.0,0,0
registry:2,eclipse-mosquitto:2,0,0
registry:2,sonarqube:community,0,0
wordpress:6.4,ghost:5-alpine,0,0
wordpress:6.4,node:20,0,0
wordpress:6.4,node:20-alpine,0,0
wordpress:6.4,flink:1.18,0,0
wordpress:6.4,cassandra:4.1,0,0
wordpress:6.4,eclipse-temurin:17,0,0
wordpress:6.4,php:8.2-apache,0,0
wordpress:6.4,ruby:3.2,0,0
wordpress:6.4,perl:5.38,0,0
wordpress:6.4,prom/prometheus:v2.52.0,0,0
wordpress:6.4,grafana/grafana:10.4.1,0,0
wordpress:6.4,fluent/fluent-bit:3.0,0,0
wordpress:6.4,logstash:8.13.0,0,0
wordpress:6.4,telegraf:1.30,0,0
wordpress:6.4,influxdb:2.7,0,0
wordpress:6.4,minio/minio:latest,0,0
wordpress:6.4,jenkins/jenkins:lts,0,0
wordpress:6.4,gitlab/gitlab-runner:alpine,0,0
wordpress:6.4,hashicorp/http-echo:latest,0,0
wordpress:6.4,consul:1.15,0,0
wordpress:6.4,nats:2.10,0,0
wordpress:6.4,solr:9,0,0
wordpress:6.4,varnish:7,0,0
wordpress:6.4,traefik:v3.0,0,0
wordpress:6.4,eclipse-mosquitto:2,0,0
wordpress:6.4,sonarqube:community,0,0
ghost:5-alpine,node:20,0,0
ghost:5-alpine,node:20-alpine,0,0
ghost:5-alpine,flink:1.18,0,0
ghost:5-alpine,cassandra:4.1,0,0
ghost:5-alpine,eclipse-temurin:17,0,0
ghost:5-alpine,php:8.2-apache,1,0.0
ghost:5-alpine,ruby:3.2,0,0
ghost:5-alpine,perl:5.38,1,0.0
ghost:5-alpine,prom/prometheus:v2.52.0,0,0
ghost:5-alpine,grafana/grafana:10.4.1,0,0
ghost:5-alpine,fluent/fluent-bit:3.0,0,0
ghost:5-alpine,logstash:8.13.0,1,0.0
ghost:5-alpine,telegraf:1.30,0,0
ghost:5-alpine,influxdb:2.7,0,0
ghost:5-alpine,minio/minio:latest,0,0
ghost:5-alpine,jenkins/jenkins:lts,0,0
ghost:5-alpine,gitlab/gitlab-runner:alpine,1,3.6829
ghost:5-alpine,hashicorp/http-echo:latest,0,0
ghost:5-alpine,consul:1.15,0,0
ghost:5-alpine,nats:2.10,0,0
ghost:5-alpine,solr:9,1,0.0
ghost:5-alpine,varnish:7,1,0.0
ghost:5-alpine,traefik:v3.0,0,0
ghost:5-alpine,eclipse-mosquitto:2,0,0
ghost:5-alpine,sonarqube:community,1,0.0
node:20,node:20-alpine,0,0
node:20,flink:1.18,0,0
node:20,cassandra:4.1,0,0
node:20,eclipse-temurin:17,0,0
node:20,php:8.2-apache,0,0
node:20,ruby:3.2,0,0
node:20,perl:5.38,0,0
node:20,prom/prometheus:v2.52.0,0,0
node:20,grafana/grafana:10.4.1,0,0
node:20,fluent/fluent-bit:3.0,0,0
node:20,logstash:8.13.0,0,0
node:20,telegraf:1.30,0,0
node:20,influxdb:2.7,0,0
node:20,minio/minio:latest,0,0
node:20,jenkins/jenkins:lts,0,0
node:20,gitlab/gitlab-runner:alpine,0,0
node:20,hashicorp/http-echo:latest,0,0
node:20,consul:1.15,0,0
node:20,nats:2.10,0,0
node:20,solr:9,0,0
node:20,varnish:7,0,0
node:20,traefik:v3.0,0,0
node:20,eclipse-mosquitto:2,0,0
node:20,sonarqube:community,0,0
node:20-alpine,flink:1.18,0,0
node:20-alpine,cassandra:4.1,0,0
node:20-alpine,eclipse-temurin:17,0,0
node:20-alpine,php:8.2-apache,0,0
node:20-alpine,ruby:3.2,0,0
node:20-alpine,perl:5.38,0,0
node:20-alpine,prom/prometheus:v2.52.0,0,0
node:20-alpine,grafana/grafana:10.4.1,0,0
node:20-alpine,fluent/fluent-bit:3.0,0,0
node:20-alpine,logstash:8.13.0,0,0
node:20-alpine,telegraf:1.30,0,0
node:20-alpine,influxdb:2.7,0,0
node:20-alpine,minio/minio:latest,0,0
node:20-alpine,jenkins/jenkins:lts,0,0
node:20-alpine,gitlab/gitlab-runner:alpine,0,0
node:20-alpine,hashicorp/http-echo:latest,0,0
node:20-alpine,consul:1.15,0,0
node:20-alpine,nats:2.10,0,0
node:20-alpine,solr:9,0,0
node:20-alpine,varnish:7,0,0
node:20-alpine,traefik:v3.0,0,0
node:20-alpine,eclipse-mosquitto:2,1,3.6852
node:20-alpine,sonarqube:community,0,0
flink:1.18,cassandra:4.1,0,0
flink:1.18,eclipse-temurin:17,0,0
flink:1.18,php:8.2-apache,0,0
flink:1.18,ruby:3.2,0,0
flink:1.18,perl:5.38,0,0
flink:1.18,prom/prometheus:v2.52.0,0,0
flink:1.18,grafana/grafana:10.4.1,0,0
flink:1.18,fluent/fluent-bit:3.0,0,0
flink:1.18,logstash:8.13.0,0,0
flink:1.18,telegraf:1.30,0,0
flink:1.18,influxdb:2.7,0,0
flink:1.18,minio/minio:latest,0,0
flink:1.18,jenkins/jenkins:lts,0,0
flink:1.18,gitlab/gitlab-runner:alpine,0,0
flink:1.18,hashicorp/http-echo:latest,0,0
flink:1.18,consul:1.15,0,0
flink:1.18,nats:2.10,0,0
flink:1.18,solr:9,0,0
flink:1.18,varnish:7,0,0
flink:1.18,traefik:v3.0,0,0
flink:1.18,eclipse-mosquitto:2,0,0
flink:1.18,sonarqube:community,0,0
cassandra:4.1,eclipse-temurin:17,0,0
cassandra:4.1,php:8.2-apache,0,0
cassandra:4.1,ruby:3.2,0,0
cassandra:4.1,perl:5.38,0,0
cassandra:4.1,prom/prometheus:v2.52.0,0,0
cassandra:4.1,grafana/grafana:10.4.1,0,0
cassandra:4.1,fluent/fluent-bit:3.0,0,0
cassandra:4.1,logstash:8.13.0,0,0
cassandra:4.1,telegraf:1.30,0,0
cassandra:4.1,influxdb:2.7,1,26.9282
cassandra:4.1,minio/minio:latest,0,0
cassandra:4.1,jenkins/jenkins:lts,0,0
cassandra:4.1,gitlab/gitlab-runner:alpine,0,0
cassandra:4.1,hashicorp/http-echo:latest,0,0
cassandra:4.1,consul:1.15,0,0
cassandra:4.1,nats:2.10,0,0
cassandra:4.1,solr:9,0,0
cassandra:4.1,varnish:7,0,0
cassandra:4.1,traefik:v3.0,0,0
cassandra:4.1,eclipse-mosquitto:2,0,0
cassandra:4.1,sonarqube:community,0,0
eclipse-temurin:17,php:8.2-apache,0,0
eclipse-temurin:17,ruby:3.2,0,0
eclipse-temurin:17,perl:5.38,0,0
eclipse-temurin:17,prom/prometheus:v2.52.0,0,0
eclipse-temurin:17,grafana/grafana:10.4.1,0,0
eclipse-temurin:17,fluent/fluent-bit:3.0,0,0
eclipse-temurin:17,logstash:8.13.0,0,0
eclipse-temurin:17,telegraf:1.30,0,0
eclipse-temurin:17,influxdb:2.7,0,0
eclipse-temurin:17,minio/minio:latest,0,0
eclipse-temurin:17,jenkins/jenkins:lts,0,0
eclipse-temurin:17,gitlab/gitlab-runner:alpine,0,0
eclipse-temurin:17,hashicorp/http-echo:latest,0,0
eclipse-temurin:17,consul:1.15,0,0
eclipse-temurin:17,nats:2.10,0,0
eclipse-temurin:17,solr:9,0,0
eclipse-temurin:17,varnish:7,0,0
eclipse-temurin:17,traefik:v3.0,0,0
eclipse-temurin:17,eclipse-mosquitto:2,0,0
eclipse-temurin:17,sonarqube:community,1,28.3556
php:8.2-apache,ruby:3.2,0,0
php:8.2-apache,perl:5.38,1,0.0
php:8.2-apache,prom/prometheus:v2.52.0,0,0
php:8.2-apache,grafana/grafana:10.4.1,0,0
php:8.2-apache,fluent/fluent-bit:3.0,0,0
php:8.2-apache,logstash:8.13.0,1,0.0
php:8.2-apache,telegraf:1.30,0,0
php:8.2-apache,influxdb:2.7,0,0
php:8.2-apache,minio/minio:latest,0,0
php:8.2-apache,jenkins/jenkins:lts,0,0
php:8.2-apache,gitlab/gitlab-runner:alpine,0,0
php:8.2-apache,hashicorp/http-echo:latest,0,0
php:8.2-apache,consul:1.15,0,0
php:8.2-apache,nats:2.10,0,0
php:8.2-apache,solr:9,1,0.0
php:8.2-apache,varnish:7,1,0.0
php:8.2-apache,traefik:v3.0,0,0
php:8.2-apache,eclipse-mosquitto:2,0,0
php:8.2-apache,sonarqube:community,1,0.0
ruby:3.2,perl:5.38,0,0
ruby:3.2,prom/prometheus:v2.52.0,0,0
ruby:3.2,grafana/grafana:10.4.1,0,0
ruby:3.2,fluent/fluent-bit:3.0,0,0
ruby:3.2,logstash:8.13.0,0,0
ruby:3.2,telegraf:1.30,0,0
ruby:3.2,influxdb:2.7,0,0
ruby:3.2,minio/minio:latest,0,0
ruby:3.2,jenkins/jenkins:lts,1,47.0141
ruby:3.2,gitlab/gitlab-runner:alpine,0,0
ruby:3.2,hashicorp/http-echo:latest,0,0
ruby:3.2,consul:1.15,0,0
ruby:3.2,nats:2.10,0,0
ruby:3.2,solr:9,0,0
ruby:3.2,varnish:7,0,0
ruby:3.2,traefik:v3.0,0,0
ruby:3.2,eclipse-mosquitto:2,0,0
ruby:3.2,sonarqube:community,0,0
perl:5.38,prom/prometheus:v2.52.0,0,0
perl:5.38,grafana/grafana:10.4.1,0,0
perl:5.38,fluent/fluent-bit:3.0,0,0
perl:5.38,logstash:8.13.0,1,0.0
perl:5.38,telegraf:1.30,0,0
perl:5.38,influxdb:2.7,0,0
perl:5.38,minio/minio:latest,0,0
perl:5.38,jenkins/jenkins:lts,0,0
perl:5.38,gitlab/gitlab-runner:alpine,0,0
perl:5.38,hashicorp/http-echo:latest,0,0
perl:5.38,consul:1.15,0,0
perl:5.38,nats:2.10,0,0
perl:5.38,solr:9,1,0.0
perl:5.38,varnish:7,1,0.0
perl:5.38,traefik:v3.0,0,0
perl:5.38,eclipse-mosquitto:2,0,0
perl:5.38,sonarqube:community,1,0.0
prom/prometheus:v2.52.0,grafana/grafana:10.4.1,0,0
prom/prometheus:v2.52.0,fluent/fluent-bit:3.0,0,0
prom/prometheus:v2.52.0,logstash:8.13.0,0,0
prom/prometheus:v2.52.0,telegraf:1.30,0,0
prom/prometheus:v2.52.0,influxdb:2.7,0,0
prom/prometheus:v2.52.0,minio/minio:latest,0,0
prom/prometheus:v2.52.0,jenkins/jenkins:lts,0,0
prom/prometheus:v2.52.0,gitlab/gitlab-runner:alpine,0,0
prom/prometheus:v2.52.0,hashicorp/http-echo:latest,0,0
prom/prometheus:v2.52.0,consul:1.15,0,0
prom/prometheus:v2.52.0,nats:2.10,0,0
prom/prometheus:v2.52.0,solr:9,0,0
prom/prometheus:v2.52.0,varnish:7,0,0
prom/prometheus:v2.52.0,traefik:v3.0,0,0
prom/prometheus:v2.52.0,eclipse-mosquitto:2,0,0
prom/prometheus:v2.52.0,sonarqube:community,0,0
grafana/grafana:10.4.1,fluent/fluent-bit:3.0,0,0
grafana/grafana:10.4.1,logstash:8.13.0,0,0
grafana/grafana:10.4.1,telegraf:1.30,0,0
grafana/grafana:10.4.1,influxdb:2.7,0,0
grafana/grafana:10.4.1,minio/minio:latest,0,0
grafana/grafana:10.4.1,jenkins/jenkins:lts,0,0
grafana/grafana:10.4.1,gitlab/gitlab-runner:alpine,0,0
grafana/grafana:10.4.1,hashicorp/http-echo:latest,0,0
grafana/grafana:10.4.1,consul:1.15,0,0
grafana/grafana:10.4.1,nats:2.10,0,0
grafana/grafana:10.4.1,solr:9,0,0
grafana/grafana:10.4.1,varnish:7,0,0
grafana/grafana:10.4.1,traefik:v3.0,0,0
grafana/grafana:10.4.1,eclipse-mosquitto:2,0,0
grafana/grafana:10.4.1,sonarqube:community,0,0
fluent/fluent-bit:3.0,logstash:8.13.0,0,0
fluent/fluent-bit:3.0,telegraf:1.30,0,0
fluent/fluent-bit:3.0,influxdb:2.7,0,0
fluent/fluent-bit:3.0,minio/minio:latest,0,0
fluent/fluent-bit:3.0,jenkins/jenkins:lts,0,0
fluent/fluent-bit:3.0,gitlab/gitlab-runner:alpine,0,0
fluent/fluent-bit:3.0,hashicorp/http-echo:latest,0,0
fluent/fluent-bit:3.0,consul:1.15,0,0
fluent/fluent-bit:3.0,nats:2.10,0,0
fluent/fluent-bit:3.0,solr:9,0,0
fluent/fluent-bit:3.0,varnish:7,0,0
fluent/fluent-bit:3.0,traefik:v3.0,0,0
fluent/fluent-bit:3.0,eclipse-mosquitto:2,0,0
fluent/fluent-bit:3.0,sonarqube:community,0,0
logstash:8.13.0,telegraf:1.30,0,0
logstash:8.13.0,influxdb:2.7,0,0
logstash:8.13.0,minio/minio:latest,0,0
logstash:8.13.0,jenkins/jenkins:lts,0,0
logstash:8.13.0,gitlab/gitlab-runner:alpine,0,0
logstash:8.13.0,hashicorp/http-echo:latest,0,0
logstash:8.13.0,consul:1.15,0,0
logstash:8.13.0,nats:2.10,0,0
logstash:8.13.0,solr:9,1,0.0
logstash:8.13.0,varnish:7,1,0.0
logstash:8.13.0,traefik:v3.0,0,0
logstash:8.13.0,eclipse-mosquitto:2,0,0
logstash:8.13.0,sonarqube:community,1,0.0
telegraf:1.30,influxdb:2.7,0,0
telegraf:1.30,minio/minio:latest,0,0
telegraf:1.30,jenkins/jenkins:lts,0,0
telegraf:1.30,gitlab/gitlab-runner:alpine,0,0
telegraf:1.30,hashicorp/http-echo:latest,0,0
telegraf:1.30,consul:1.15,0,0
telegraf:1.30,nats:2.10,0,0
telegraf:1.30,solr:9,0,0
telegraf:1.30,varnish:7,0,0
telegraf:1.30,traefik:v3.0,0,0
telegraf:1.30,eclipse-mosquitto:2,0,0
telegraf:1.30,sonarqube:community,0,0
influxdb:2.7,minio/minio:latest,0,0
influxdb:2.7,jenkins/jenkins:lts,0,0
influxdb:2.7,gitlab/gitlab-runner:alpine,0,0
influxdb:2.7,hashicorp/http-echo:latest,0,0
influxdb:2.7,consul:1.15,0,0
influxdb:2.7,nats:2.10,0,0
influxdb:2.7,solr:9,0,0
influxdb:2.7,varnish:7,0,0
influxdb:2.7,traefik:v3.0,0,0
influxdb:2.7,eclipse-mosquitto:2,0,0
influxdb:2.7,sonarqube:community,0,0
minio/minio:latest,jenkins/jenkins:lts,0,0
minio/minio:latest,gitlab/gitlab-runner:alpine,0,0
minio/minio:latest,hashicorp/http-echo:latest,0,0
minio/minio:latest,consul:1.15,0,0
minio/minio:latest,nats:2.10,0,0
minio/minio:latest,solr:9,0,0
minio/minio:latest,varnish:7,0,0
minio/minio:latest,traefik:v3.0,0,0
minio/minio:latest,eclipse-mosquitto:2,0,0
minio/minio:latest,sonarqube:community,0,0
jenkins/jenkins:lts,gitlab/gitlab-runner:alpine,0,0
jenkins/jenkins:lts,hashicorp/http-echo:latest,0,0
jenkins/jenkins:lts,consul:1.15,0,0
jenkins/jenkins:lts,nats:2.10,0,0
jenkins/jenkins:lts,solr:9,0,0
jenkins/jenkins:lts,varnish:7,0,0
jenkins/jenkins:lts,traefik:v3.0,0,0
jenkins/jenkins:lts,eclipse-mosquitto:2,0,0
jenkins/jenkins:lts,sonarqube:community,0,0
gitlab/gitlab-runner:alpine,hashicorp/http-echo:latest,0,0
gitlab/gitlab-runner:alpine,consul:1.15,0,0
gitlab/gitlab-runner:alpine,nats:2.10,0,0
gitlab/gitlab-runner:alpine,solr:9,0,0
gitlab/gitlab-runner:alpine,varnish:7,0,0
gitlab/gitlab-runner:alpine,traefik:v3.0,0,0
gitlab/gitlab-runner:alpine,eclipse-mosquitto:2,0,0
gitlab/gitlab-runner:alpine,sonarqube:community,0,0
hashicorp/http-echo:latest,consul:1.15,0,0
hashicorp/http-echo:latest,nats:2.10,0,0
hashicorp/http-echo:latest,solr:9,0,0
hashicorp/http-echo:latest,varnish:7,0,0
hashicorp/http-echo:latest,traefik:v3.0,0,0
hashicorp/http-echo:latest,eclipse-mosquitto:2,0,0
hashicorp/http-echo:latest,sonarqube:community,0,0
consul:1.15,nats:2.10,0,0
consul:1.15,solr:9,0,0
consul:1.15,varnish:7,0,0
consul:1.15,traefik:v3.0,0,0
consul:1.15,eclipse-mosquitto:2,0,0
consul:1.15,sonarqube:community,0,0
nats:2.10,solr:9,0,0
nats:2.10,varnish:7,0,0
nats:2.10,traefik:v3.0,0,0
nats:2.10,eclipse-mosquitto:2,0,0
nats:2.10,sonarqube:community,0,0
solr:9,varnish:7,1,0.0
solr:9,traefik:v3.0,0,0
solr:9,eclipse-mosquitto:2,0,0
solr:9,sonarqube:community,1,0.0
varnish:7,traefik:v3.0,0,0
varnish:7,eclipse-mosquitto:2,0,0
varnish:7,sonarqube:community,1,0.0
traefik:v3.0,eclipse-mosquitto:2,0,0
traefik:v3.0,sonarqube:community,0,0
eclipse-mosquitto:2,sonarqube:community,0,0
