layer_digest,size_mb,num_images,images
sha256:3531af2bc2a9c8883754652783cf96207d53189db279c9637b7157d034de7ecd,28.4006,2,python:3.10-slim|python:3.11-slim
sha256:f3ba2250c52436e41e9f2f3830af92de466fcacc2d848264e1f9fdc76975d803,13.7005,1,python:3.11-slim
sha256:7ccd73948dde4b7f1623ac6bf9b58706fb83d0a363d765d7c799d46035ceb563,0.0002,1,python:3.11-slim
sha256:91ff8760033c3b9bc9c3a3bcc6ff66c113ec9e13f94fa2f12ae4b221aae996b9,1.2332,1,python:3.11-slim
sha256:b4e72df0ba0e7a032d9028786a436c63d283a51c04415ae0168197be7d828938,1.2332,1,python:3.10-slim
sha256:6f7b1a1af1d212ff1519dbf4534d2491d175f4fa052f008e4cfc2ad9744e5e4b,0.0002,1,python:3.10-slim
sha256:b05032fa5b62ec785bb4d899754c0969d9829fa10bbdc7f74bb14c8e4f11358a,13.1829,1,python:3.10-slim
sha256:35af2a7690f2b43e7237d1fae8e3f2350dfb25f3249e9cf65121866f9c56c772,61.4112,1,golang:1.22
sha256:afa154b433c7f72db064d19e1bcfa84ee196ad29120328f6bdb2c5fbd7b8eeac,66.1514,2,golang:1.22|golang:1.22-alpine
sha256:a492eee5e55976c7d3feecce4c564aaf6f14fb07fdc5019d06f4154eddc93fde,46.2338,1,golang:1.22
sha256:3b7f19923e1501f025b9459750b20f5df37af452482f75b91205f345d1c0e1b5,88.048,1,golang:1.22
sha256:32b550be6cb62359a0f3a96bc0dc289f8b45d097eaad275887f163c6780b4108,22.9438,1,golang:1.22
sha256:1451027d3c0ee892b96310c034788bbe22b30b8ea2d075edbd09acfeaaaa439f,0.0001,1,golang:1.22
sha256:4f4fb700ef54461cfa02571ae0db9a0dc1e0cdb5577484a6d75e68dc38e8acc1,0.0,2,golang:1.22|golang:1.22-alpine
sha256:4d75fd4b73869ed224045c010cdec78756eefb6752a5a8e4804294009eac11e9,0.2812,1,golang:1.22-alpine
sha256:5f837c998576dcb54bc285997f33fcc2166dff6aa48fe3a374da92474efd5fe8,0.0001,1,golang:1.22-alpine
sha256:1f3e46996e2966e4faa5846e56e76e3748b7315e2ded61476c24403d592134f0,3.473,1,golang:1.22-alpine
sha256:f63eb04151bcac21ad049f8d781b97b219aba392c5457907f8f3e88e43eb48ec,28.3589,1,ubuntu:22.04
sha256:13b7e930469f6d3575a320709035c6acf6f5485a76abcf03d1b92a64c09c2476,26.236,1,ubuntu:20.04
sha256:db53381ee51f9e43304e236099ba097ae1b33ae41a8007e0b6319992eb55fd00,46.2424,1,debian:12
sha256:54a03544060169d4b3f081ec8b02433016510da63c54baa3c2da97d8d0f1e9cc,51.2725,1,debian:11
sha256:c8f00c165a37469a35f91571729cd5f319ce28b1d67c94233baeb99b1f133685,47.8369,1,grafana/grafana:10.4.1
sha256:b706854df8e94f05b189985822fcf198799de737ab7bccc1f0b52a4bb6f4040c,4.1324,1,grafana/grafana:10.4.1
sha256:1bcf66605cd10e4a5c27dfb9c04dfa3c9d7e03e581f9620f352d978c28cba73d,0.0012,1,grafana/grafana:10.4.1
sha256:04edff225a620c020349ce1da98939449f0f9a5603fbf5b81f771e399f85f6f1,0.0222,1,grafana/grafana:10.4.1
sha256:3e634c55be4d41a450f3edf38415d792fd1006bb59260b3aca8a9799b0e67c8c,54.8753,1,grafana/grafana:10.4.1
sha256:4abcf20661432fb2d719aaf90656f55c287f8ca915dc1c92ec14ff61e67fbaf8,3.2508,1,grafana/grafana:10.4.1
sha256:481ee4744cbf54ceb21243ed5a424023a27cbfa9c4efe744fda2755cd7ccbb8f,0.0114,1,grafana/grafana:10.4.1
sha256:69ef7069416ccbce7f36f36f117510a50326a0ad3a7ea4b30933dbb24e371fee,0.0449,1,grafana/grafana:10.4.1
sha256:b56d275ef5376c1cbd0080b208aee4531ea642d76504ca6c1d7ff7a2d2717682,0.0001,1,grafana/grafana:10.4.1
sha256:bf064887a9c71ba7dc8f048b37c787b1ee93c488e656b633fab4831ed05b6ab7,3.0136,1,grafana/grafana:10.4.1
sha256:ea02afccecabe69c47e5a50f1b8b4f5afef18e73cc8c6618a4076544c469f6d7,19.8772,1,fluent/fluent-bit:3.0
sha256:911458164fa17617d8bad713d4562becf2e2b221e1a78fb7084bf8686f9061bd,0.0621,1,fluent/fluent-bit:3.0
sha256:4aa0ea1413d37a58615488592a0b827ea4b2e48fa5a77cf707d0e35f025e613f,0.0004,1,fluent/fluent-bit:3.0
sha256:d93b18d9fb6bb38a808a12123c62032c81ef4fa7f1fa2a7bebc53b54ee3b6e89,5.897,1,fluent/fluent-bit:3.0
sha256:9aee425378d2c16cd44177dc54a274b312897f5860a8e78fdfda555a0d79dd71,0.1244,1,fluent/fluent-bit:3.0
sha256:058cf3d8c2ba04ad7c064698c08c5e886a8623c0ad6171b8d72684253534417d,0.5128,1,fluent/fluent-bit:3.0
sha256:c9bc90a4de9dc92f2784d161dd43ef03feefa985abfc55e0b5fba25a2266cbf1,0.1438,1,fluent/fluent-bit:3.0
sha256:2b3410766942bfd72d4d9d05ebd81006ff024c307773da9bece462135c16218f,0.8696,1,fluent/fluent-bit:3.0
sha256:e8d9a567199d7a318c875f2558a679ba8a924f817afacbb428afc3ffe6be6828,0.0128,1,fluent/fluent-bit:3.0
sha256:b6824ed73363f94b3b2b44084c51c31bc32af77a96861d49e16f91e3ab6bed71,0.0001,1,fluent/fluent-bit:3.0
sha256:7c12895b777bcaa8ccae0605b4de635b68fc32d60fa08f421dc3818bf55ee212,0.0002,1,fluent/fluent-bit:3.0
sha256:dcf81927ac2f683d7727e155f378fae31a5e599aaa7e4462b0c9456453e47814,0.1256,1,fluent/fluent-bit:3.0
sha256:da7816fa955ea24533c388143c78804c28682eef99b4ee3723b548c70148bba6,0.0003,1,fluent/fluent-bit:3.0
sha256:cf804ed06a0f8110d947a67027b8526798a701dbb2fb950cdae99bce2095fdd0,2.6818,1,fluent/fluent-bit:3.0
sha256:b2ce0e0660777651a7a188ae1128acc61d01aca10a035a8b1faa2cdd8bbf0785,0.0994,1,fluent/fluent-bit:3.0
sha256:33e068de264953dfdc9f9ada207e76b61159721fd64a4820b320d05133a55fb8,0.0001,1,fluent/fluent-bit:3.0
sha256:27be814a09ebd97fac6fb7b82d19f117185e90601009df3fbab6f442f85cd6b3,0.0001,1,fluent/fluent-bit:3.0
sha256:5664b15f108bf9436ce3312090a767300800edbbfd4511aa1a6d64357024d5dd,0.0002,1,fluent/fluent-bit:3.0
sha256:b3ae1613dfe7c2ba6ab804da64909f5781fe9774ecf42df3e9932914f38cd8ab,5.5681,1,fluent/fluent-bit:3.0
sha256:1aac2fe67fcc548d7e95ef697e3c19a7d06017ab4039e5f91117c517c512a75a,95.3563,1,jenkins/jenkins:lts
sha256:6e001067f512941c3a3a1f59bb5f1f475487e4ee4312fb4381ddfa7f6238774e,0.0002,1,jenkins/jenkins:lts
sha256:a7730063fcfe708b222d34c4f07d633dfe087a28c05c4daaab2fa9943854c155,47.0141,1,jenkins/jenkins:lts
sha256:6e428cebe9444854a9db46ac2fa5cc10c8f16dc5d3f361f47347906d5eb30c62,68.7369,1,jenkins/jenkins:lts
sha256:0454b3406328ebc42ecb968cabeaf865f6eb114727960908edb677379b072d4d,6.1515,1,jenkins/jenkins:lts
sha256:f015f18f3c7a7ff589489cba742b5a7b297eaf81139a268a7af82577d238e986,0.0002,1,jenkins/jenkins:lts
sha256:beb35d8d94935ce0f2e445e4e532771334df2407bea9727dec5145544924013c,56.3638,1,jenkins/jenkins:lts
sha256:32ebd389acdea62e7c99d9ee0a60d18f6a96334db8327d9872bd36421d2489bd,0.0012,1,jenkins/jenkins:lts
sha256:a576649e937694873a24c05f52567af1969757e8d08e6261d6d4964ff443b8c6,4.9959,1,jenkins/jenkins:lts
sha256:e714309bcf673445dd725f13211967243c55c8b24707c01d5b435d51093cb339,0.0004,1,jenkins/jenkins:lts
sha256:b850d1c40542fbf040e4119bb295ba768081a8dac2f9b0e6cb6012b187606f06,0.0017,1,jenkins/jenkins:lts
sha256:32ad68c1bba82e6c2976c1f5166d03ffc403bd6273f23e133d95cd3c5af7bd03,0.0012,1,jenkins/jenkins:lts
sha256:5d4746900976b21cc5df7293a8ba89a55b167f713d344e5be91c64c2d36cd442,3.7628,1,hashicorp/http-echo:latest
sha256:02cd68c0cbf64abe9738767877756b33f50fff5d88583fdc74b66beffa77694b,0.0002,1,hashicorp/http-echo:latest
sha256:65efb1cabba44ca8eefa2058ebdc19b7f76bbb48400ff9e32b809be25f0cdefa,0.0003,1,hashicorp/http-echo:latest
sha256:d3c894b5b2b0fa857549aeb6cbc38b038b5b2828736be37b6d9fff0b886f12fd,0.0001,1,hashicorp/http-echo:latest
sha256:3d17c666b2a2300fb3e6377e8a423bc45c9cc4c5dd2c2f626393b8e704e9e12a,0.0806,1,hashicorp/http-echo:latest
sha256:13547472c521121fc04c8fa473757115ef8abe698cc9fa67e828371feeff40e7,0.1232,1,hashicorp/http-echo:latest
sha256:eebb06941f3e57b2e40a0e9cbd798dacef9b04d89ebaa8896be5f17c976f8666,0.0003,1,hashicorp/http-echo:latest
sha256:e5dbef90bae3c9df1dfd4ae7048c56226f6209d538c91f987aff4f54e888f566,0.012,1,hashicorp/http-echo:latest
sha256:2047f8b7467082433d4bd49aa6d649ed93f31986664247c1219ca2d7cadb92d5,0.4313,1,hashicorp/http-echo:latest
sha256:b40161cd83fc5d470d6abe50e87aa288481b6b89137012881d74187cfbf9f502,0.0004,1,hashicorp/http-echo:latest
sha256:52b550c7632cfdb73fbb57003c5b588807cc6d4b7decb1892b296c7ae9853cbc,0.0019,1,hashicorp/vault:1.13
sha256:ad1a5f62b356fe3176c32beb88d329384339ea49d5ffd497c59d134cdfb981e0,0.0012,1,hashicorp/vault:1.13
sha256:9871a6bd80753cfa05f08ec144d3bedb9060420903dc221de9bd81dc8505a74c,0.0001,1,hashicorp/vault:1.13
sha256:c1db77bf45d5ea664a92874e1b56c6c291c9fe934d6c8fe7d8b129f1c7655375,97.0177,1,hashicorp/vault:1.13
sha256:619be1103602d98e1963557998c954c892b3872986c27365e9f651f5bc27cab8,3.2449,1,hashicorp/vault:1.13
sha256:122020d11d18ada29e8866db512920c2173192245e2acb2b2914d476d7d56d25,0.0018,1,hashicorp/vault:1.13
sha256:87f14cfb4950cce234d3bd10ec3f96e71471ac63329cdff8532666e979ab6708,0.4032,1,hashicorp/vault:1.13
sha256:c482d778a50e24e3c53f663a2d488b07bbd5ecfde6bc593fd7133c733d306f90,0.0012,1,verdaccio/verdaccio:5
sha256:06f42e974ed9edab81a03be56804407350c157d9980dfeceab1e0def87106088,0.0004,1,verdaccio/verdaccio:5
sha256:842cd80f9366843dd6175d28abb6233501045711892a1a5a700676a0ed2d6ec4,1.3221,1,verdaccio/verdaccio:5
sha256:e8f0fe5ea69ffe2e3efe49003776fd5f69567e32ebc98a5a25481eb519843729,0.0001,1,verdaccio/verdaccio:5
sha256:737da86e5e86be8d490b910c63f7a45bc0a97913a42ff71d396c801c8bf06a58,0.0004,1,verdaccio/verdaccio:5
sha256:539ad8e054988887371d530fe0bca10893a51e20bf5ddd93e8a9a477d1f6f4a3,0.0001,1,verdaccio/verdaccio:5
sha256:94d0d4a04e9a49d1e07a9cd26278258dd7b3edddc0ed53bab331557e9f04a725,0.6408,1,verdaccio/verdaccio:5
sha256:d43d46ba042dbb93bb07c811f3862b0a52b3123270e3fe00a85362173f841ecd,2.5375,1,verdaccio/verdaccio:5
sha256:6e988e15608530713d8223e8c92b11ec141aa80c4f081e62ca43b6d88b1f82fa,0.003,1,verdaccio/verdaccio:5
sha256:87bf0bfb338ef105de081084e0fa7c16baf8030a286026ffa0d4ba90d7153e67,8.7791,1,verdaccio/verdaccio:5
sha256:43c4264eed91be63b206e17d93e75256a6097070ce643c5e8f0379998b44f170,3.4559,1,verdaccio/verdaccio:5
sha256:c36270121b0cfc4d7ddaf49f4711e7bcad4cf5e364694d5ff4bd5b65b01ed571,40.35,1,verdaccio/verdaccio:5
sha256:f05bf41a6ea58820568756f6635a846cd0d38e0bb348112d66b4d825c752847c,31.7364,1,alpine/git:latest
sha256:ddba3c6cb6156b276f62274dabdc7cc8a41d651a88f2760c2df59b63675a3397,0.0001,1,alpine/git:latest
sha256:589002ba0eaed121a1dbf42f6648f29e5be55d5c8a6ee0f8eaa0285cc21ac153,3.6829,1,alpine/git:latest
