file,method,catalog,edge_nodes,cache,requests,bandwidth_env,ACT,AMS,objective_base,CA,CA_rate,objective_CA,downloaded_mb,reused_mb,reuse_rate
fg_cat16_edge10_req1000.json,FG-DSCR-GC-K8sCA-tuned,16,10,None,1000,None,118.64400183150184,231.5858333333333,175.11491758241758,909,0.909,1084.1149175824175,9421,21101,0.6913373959766725
fg_cat16_edge10_req1200.json,FG-DSCR-GC-K8sCA-tuned,16,10,None,1200,None,118.64400183150184,231.5858333333333,175.11491758241758,1109,0.9241666666666667,1099.2815842490843,9421,21101,0.6913373959766725
fg_cat16_edge10_req1500.json,FG-DSCR-GC-K8sCA-tuned,16,10,None,1500,None,118.64400183150184,231.5858333333333,175.11491758241758,1409,0.9393333333333334,1114.448250915751,9421,21101,0.6913373959766725
fg_cat16_edge10_req200.json,FG-DSCR-GC-K8sCA-tuned,16,10,None,200,None,118.64400183150184,231.5858333333333,175.11491758241758,109,0.545,720.1149175824175,9421,21101,0.6913373959766725
fg_cat16_edge10_req2000.json,FG-DSCR-GC-K8sCA-tuned,16,10,None,2000,None,118.64400183150184,231.5858333333333,175.11491758241758,1909,0.9545,1129.6149175824175,9421,21101,0.6913373959766725
fg_cat16_edge10_req400.json,FG-DSCR-GC-K8sCA-tuned,16,10,None,400,None,118.64400183150184,231.5858333333333,175.11491758241758,309,0.7725,947.6149175824175,9421,21101,0.6913373959766725
fg_cat16_edge10_req600.json,FG-DSCR-GC-K8sCA-tuned,16,10,None,600,None,118.64400183150184,231.5858333333333,175.11491758241758,509,0.8483333333333334,1023.4482509157509,9421,21101,0.6913373959766725
fg_cat16_edge10_req800.json,FG-DSCR-GC-K8sCA-tuned,16,10,None,800,None,118.64400183150184,231.5858333333333,175.11491758241758,709,0.88625,1061.3649175824175,9421,21101,0.6913373959766725
fg_cat16_edge12_req1000.json,FG-DSCR-GC-K8sCA-tuned,16,12,None,1000,None,116.94654088050314,228.4902777777778,172.71840932914046,894,0.894,1066.7184093291405,11154,25873,0.6987603640586599
fg_cat16_edge12_req1200.json,FG-DSCR-GC-K8sCA-tuned,16,12,None,1200,None,116.94654088050314,228.4902777777778,172.71840932914046,1094,0.9116666666666666,1084.385075995807,11154,25873,0.6987603640586599
fg_cat16_edge12_req1500.json,FG-DSCR-GC-K8sCA-tuned,16,12,None,1500,None,116.94654088050314,228.4902777777778,172.71840932914046,1394,0.9293333333333333,1102.0517426624738,11154,25873,0.6987603640586599
fg_cat16_edge12_req200.json,FG-DSCR-GC-K8sCA-tuned,16,12,None,200,None,116.94654088050314,228.4902777777778,172.71840932914046,94,0.47,642.7184093291405,11154,25873,0.6987603640586599
fg_cat16_edge12_req2000.json,FG-DSCR-GC-K8sCA-tuned,16,12,None,2000,None,116.94654088050314,228.4902777777778,172.71840932914046,1894,0.947,1119.7184093291405,11154,25873,0.6987603640586599
fg_cat16_edge12_req400.json,FG-DSCR-GC-K8sCA-tuned,16,12,None,400,None,116.94654088050314,228.4902777777778,172.71840932914046,294,0.735,907.7184093291405,11154,25873,0.6987603640586599
fg_cat16_edge12_req600.json,FG-DSCR-GC-K8sCA-tuned,16,12,None,600,None,116.94654088050314,228.4902777777778,172.71840932914046,494,0.8233333333333334,996.0517426624738,11154,25873,0.6987603640586599
fg_cat16_edge12_req800.json,FG-DSCR-GC-K8sCA-tuned,16,12,None,800,None,116.94654088050314,228.4902777777778,172.71840932914046,694,0.8675,1040.2184093291405,11154,25873,0.6987603640586599
fg_cat16_edge14_req1000.json,FG-DSCR-GC-K8sCA-tuned,16,14,None,1000,None,119.55548611111111,228.63571428571433,174.0956001984127,880,0.88,1054.0956001984127,13447,30083,0.691086606937744
fg_cat16_edge14_req1200.json,FG-DSCR-GC-K8sCA-tuned,16,14,None,1200,None,119.55548611111111,228.63571428571433,174.0956001984127,1080,0.9,1074.0956001984127,13447,30083,0.691086606937744
fg_cat16_edge14_req1500.json,FG-DSCR-GC-K8sCA-tuned,16,14,None,1500,None,119.55548611111111,228.63571428571433,174.0956001984127,1380,0.92,1094.0956001984127,13447,30083,0.691086606937744
fg_cat16_edge14_req200.json,FG-DSCR-GC-K8sCA-tuned,16,14,None,200,None,119.55548611111111,228.63571428571433,174.0956001984127,80,0.4,574.0956001984127,13447,30083,0.691086606937744
fg_cat16_edge14_req2000.json,FG-DSCR-GC-K8sCA-tuned,16,14,None,2000,None,119.55548611111111,228.63571428571433,174.0956001984127,1880,0.94,1114.0956001984127,13447,30083,0.691086606937744
fg_cat16_edge14_req400.json,FG-DSCR-GC-K8sCA-tuned,16,14,None,400,None,119.55548611111111,228.63571428571433,174.0956001984127,280,0.7,874.0956001984127,13447,30083,0.691086606937744
fg_cat16_edge14_req600.json,FG-DSCR-GC-K8sCA-tuned,16,14,None,600,None,119.55548611111111,228.63571428571433,174.0956001984127,480,0.8,974.0956001984127,13447,30083,0.691086606937744
fg_cat16_edge14_req800.json,FG-DSCR-GC-K8sCA-tuned,16,14,None,800,None,119.55548611111111,228.63571428571433,174.0956001984127,680,0.85,1024.0956001984127,13447,30083,0.691086606937744
fg_cat16_edge16_req1000.json,FG-DSCR-GC-K8sCA-tuned,16,16,None,1000,None,117.32457420924572,226.1291666666667,171.72687043795622,863,0.863,1034.7268704379562,16175,34014,0.6777182251090876
fg_cat16_edge16_req1200.json,FG-DSCR-GC-K8sCA-tuned,16,16,None,1200,None,117.32457420924572,226.1291666666667,171.72687043795622,1063,0.8858333333333334,1057.5602037712897,16175,34014,0.6777182251090876
fg_cat16_edge16_req1500.json,FG-DSCR-GC-K8sCA-tuned,16,16,None,1500,None,117.32457420924572,226.1291666666667,171.72687043795622,1363,0.9086666666666666,1080.3935371046227,16175,34014,0.6777182251090876
fg_cat16_edge16_req200.json,FG-DSCR-GC-K8sCA-tuned,16,16,None,200,None,117.32457420924572,226.1291666666667,171.72687043795622,63,0.315,486.7268704379562,16175,34014,0.6777182251090876
fg_cat16_edge16_req2000.json,FG-DSCR-GC-K8sCA-tuned,16,16,None,2000,None,117.32457420924572,226.1291666666667,171.72687043795622,1863,0.9315,1103.2268704379562,16175,34014,0.6777182251090876
fg_cat16_edge16_req400.json,FG-DSCR-GC-K8sCA-tuned,16,16,None,400,None,117.32457420924572,226.1291666666667,171.72687043795622,263,0.6575,829.2268704379562,16175,34014,0.6777182251090876
fg_cat16_edge16_req600.json,FG-DSCR-GC-K8sCA-tuned,16,16,None,600,None,117.32457420924572,226.1291666666667,171.72687043795622,463,0.7716666666666666,943.3935371046229,16175,34014,0.6777182251090876
fg_cat16_edge16_req800.json,FG-DSCR-GC-K8sCA-tuned,16,16,None,800,None,117.32457420924572,226.1291666666667,171.72687043795622,663,0.82875,1000.4768704379562,16175,34014,0.6777182251090876
fg_cat16_edge18_req1000.json,FG-DSCR-GC-K8sCA-tuned,16,18,None,1000,None,120.19613289760348,221.51412037037036,170.8551266339869,847,0.847,1017.8551266339869,15574,40780,0.7236398481030628
fg_cat16_edge18_req1200.json,FG-DSCR-GC-K8sCA-tuned,16,18,None,1200,None,120.19613289760348,221.51412037037036,170.8551266339869,1047,0.8725,1043.3551266339869,15574,40780,0.7236398481030628
fg_cat16_edge18_req1500.json,FG-DSCR-GC-K8sCA-tuned,16,18,None,1500,None,120.19613289760348,221.51412037037036,170.8551266339869,1347,0.898,1068.8551266339869,15574,40780,0.7236398481030628
fg_cat16_edge18_req200.json,FG-DSCR-GC-K8sCA-tuned,16,18,None,200,None,119.14607683982685,221.73356481481483,170.43982082732083,46,0.23,400.43982082732083,15910,40229,0.7165963055986034
fg_cat16_edge18_req2000.json,FG-DSCR-GC-K8sCA-tuned,16,18,None,2000,None,120.19613289760348,221.51412037037036,170.8551266339869,1847,0.9235,1094.3551266339869,15574,40780,0.7236398481030628
fg_cat16_edge18_req400.json,FG-DSCR-GC-K8sCA-tuned,16,18,None,400,None,120.19613289760348,221.51412037037036,170.8551266339869,247,0.6175,788.3551266339869,15574,40780,0.7236398481030628
fg_cat16_edge18_req600.json,FG-DSCR-GC-K8sCA-tuned,16,18,None,600,None,120.19613289760348,221.51412037037036,170.8551266339869,447,0.745,915.8551266339869,15574,40780,0.7236398481030628
fg_cat16_edge18_req800.json,FG-DSCR-GC-K8sCA-tuned,16,18,None,800,None,120.19613289760348,221.51412037037036,170.8551266339869,647,0.80875,979.6051266339869,15574,40780,0.7236398481030628
fg_cat16_edge4_req1000.json,FG-DSCR-GC-K8sCA-tuned,16,4,None,1000,None,122.44313063063065,228.68958333333333,175.56635698198198,963,0.963,1138.566356981982,5767,8838,0.6051352276617596
fg_cat16_edge4_req1200.json,FG-DSCR-GC-K8sCA-tuned,16,4,None,1200,None,122.44313063063065,228.68958333333333,175.56635698198198,1163,0.9691666666666666,1144.7330236486487,5767,8838,0.6051352276617596
fg_cat16_edge4_req1500.json,FG-DSCR-GC-K8sCA-tuned,16,4,None,1500,None,122.44313063063065,228.68958333333333,175.56635698198198,1463,0.9753333333333334,1150.8996903153154,5767,8838,0.6051352276617596
fg_cat16_edge4_req200.json,FG-DSCR-GC-K8sCA-tuned,16,4,None,200,None,123.05574324324324,232.65625,177.8559966216216,163,0.815,992.8559966216217,6855,7750,0.5306401917151661
fg_cat16_edge4_req2000.json,FG-DSCR-GC-K8sCA-tuned,16,4,None,2000,None,122.44313063063065,228.68958333333333,175.56635698198198,1963,0.9815,1157.066356981982,5767,8838,0.6051352276617596
fg_cat16_edge4_req400.json,FG-DSCR-GC-K8sCA-tuned,16,4,None,400,None,122.68817567567567,230.95624999999998,176.8222128378378,363,0.9075,1084.322212837838,6311,8294,0.5678877096884628
fg_cat16_edge4_req600.json,FG-DSCR-GC-K8sCA-tuned,16,4,None,600,None,122.44313063063065,228.68958333333333,175.56635698198198,563,0.9383333333333334,1113.8996903153154,5767,8838,0.6051352276617596
fg_cat16_edge4_req800.json,FG-DSCR-GC-K8sCA-tuned,16,4,None,800,None,122.44313063063065,228.68958333333333,175.56635698198198,763,0.95375,1129.316356981982,5767,8838,0.6051352276617596
fg_cat16_edge6_req1000.json,FG-DSCR-GC-K8sCA-tuned,16,6,None,1000,None,123.8547514619883,236.22500000000002,180.03987573099417,943,0.943,1123.0398757309943,6759,13050,0.6587914584279873
fg_cat16_edge6_req1200.json,FG-DSCR-GC-K8sCA-tuned,16,6,None,1200,None,123.8547514619883,236.22500000000002,180.03987573099417,1143,0.9525,1132.5398757309943,6759,13050,0.6587914584279873
fg_cat16_edge6_req1500.json,FG-DSCR-GC-K8sCA-tuned,16,6,None,1500,None,123.8547514619883,236.22500000000002,180.03987573099417,1443,0.962,1142.0398757309943,6759,13050,0.6587914584279873
fg_cat16_edge6_req200.json,FG-DSCR-GC-K8sCA-tuned,16,6,None,200,None,123.8547514619883,236.22500000000002,180.03987573099417,143,0.715,895.0398757309941,6759,13050,0.6587914584279873
fg_cat16_edge6_req2000.json,FG-DSCR-GC-K8sCA-tuned,16,6,None,2000,None,123.8547514619883,236.22500000000002,180.03987573099417,1943,0.9715,1151.5398757309943,6759,13050,0.6587914584279873
fg_cat16_edge6_req400.json,FG-DSCR-GC-K8sCA-tuned,16,6,None,400,None,123.8547514619883,236.22500000000002,180.03987573099417,343,0.8575,1037.5398757309943,6759,13050,0.6587914584279873
fg_cat16_edge6_req600.json,FG-DSCR-GC-K8sCA-tuned,16,6,None,600,None,123.8547514619883,236.22500000000002,180.03987573099417,543,0.905,1085.0398757309943,6759,13050,0.6587914584279873
fg_cat16_edge6_req800.json,FG-DSCR-GC-K8sCA-tuned,16,6,None,800,None,123.8547514619883,236.22500000000002,180.03987573099417,743,0.92875,1108.7898757309943,6759,13050,0.6587914584279873
fg_cat16_edge8_req1000.json,FG-DSCR-GC-K8sCA-tuned,16,8,None,1000,None,124.08613013698628,230.75989583333333,177.4230129851598,927,0.927,1104.4230129851599,8011,17075,0.6806585346408355
fg_cat16_edge8_req1200.json,FG-DSCR-GC-K8sCA-tuned,16,8,None,1200,None,124.08613013698628,230.75989583333333,177.4230129851598,1127,0.9391666666666667,1116.5896796518266,8011,17075,0.6806585346408355
fg_cat16_edge8_req1500.json,FG-DSCR-GC-K8sCA-tuned,16,8,None,1500,None,124.08613013698628,230.75989583333333,177.4230129851598,1427,0.9513333333333334,1128.7563463184931,8011,17075,0.6806585346408355
fg_cat16_edge8_req200.json,FG-DSCR-GC-K8sCA-tuned,16,8,None,200,None,124.08613013698628,230.75989583333333,177.4230129851598,127,0.635,812.4230129851599,8011,17075,0.6806585346408355
fg_cat16_edge8_req2000.json,FG-DSCR-GC-K8sCA-tuned,16,8,None,2000,None,124.08613013698628,230.75989583333333,177.4230129851598,1927,0.9635,1140.9230129851599,8011,17075,0.6806585346408355
fg_cat16_edge8_req400.json,FG-DSCR-GC-K8sCA-tuned,16,8,None,400,None,124.08613013698628,230.75989583333333,177.4230129851598,327,0.8175,994.9230129851599,8011,17075,0.6806585346408355
fg_cat16_edge8_req600.json,FG-DSCR-GC-K8sCA-tuned,16,8,None,600,None,124.08613013698628,230.75989583333333,177.4230129851598,527,0.8783333333333333,1055.7563463184931,8011,17075,0.6806585346408355
fg_cat16_edge8_req800.json,FG-DSCR-GC-K8sCA-tuned,16,8,None,800,None,124.08613013698628,230.75989583333333,177.4230129851598,727,0.90875,1086.1730129851599,8011,17075,0.6806585346408355
fg_cat50_edge10_req1000.json,FG-DSCR-GC-K8sCA-tuned,50,10,None,1000,None,122.53336956521738,231.55791666666664,177.04564311594203,885,0.885,1062.045643115942,20698,29867,0.5906654800751509
fg_cat50_edge10_req1200.json,FG-DSCR-GC-K8sCA-tuned,50,10,None,1200,None,122.53336956521738,231.55791666666664,177.04564311594203,1085,0.9041666666666667,1081.2123097826086,20698,29867,0.5906654800751509
fg_cat50_edge10_req1500.json,FG-DSCR-GC-K8sCA-tuned,50,10,None,1500,None,122.53336956521738,231.55791666666664,177.04564311594203,1385,0.9233333333333333,1100.3789764492753,20698,29867,0.5906654800751509
fg_cat50_edge10_req200.json,FG-DSCR-GC-K8sCA-tuned,50,10,None,200,None,122.53336956521738,231.55791666666664,177.04564311594203,85,0.425,602.0456431159421,20698,29867,0.5906654800751509
fg_cat50_edge10_req2000.json,FG-DSCR-GC-K8sCA-tuned,50,10,None,2000,None,122.53336956521738,231.55791666666664,177.04564311594203,1885,0.9425,1119.545643115942,20698,29867,0.5906654800751509
fg_cat50_edge10_req400.json,FG-DSCR-GC-K8sCA-tuned,50,10,None,400,None,122.53336956521738,231.55791666666664,177.04564311594203,285,0.7125,889.5456431159421,20698,29867,0.5906654800751509
fg_cat50_edge10_req600.json,FG-DSCR-GC-K8sCA-tuned,50,10,None,600,None,122.53336956521738,231.55791666666664,177.04564311594203,485,0.8083333333333333,985.3789764492753,20698,29867,0.5906654800751509
fg_cat50_edge10_req800.json,FG-DSCR-GC-K8sCA-tuned,50,10,None,800,None,122.53336956521738,231.55791666666664,177.04564311594203,685,0.85625,1033.295643115942,20698,29867,0.5906654800751509
fg_cat50_edge12_req1000.json,FG-DSCR-GC-K8sCA-tuned,50,12,None,1000,None,119.08658088235292,226.5715277777778,172.82905433006536,864,0.864,1036.8290543300654,21019,37485,0.6407254204840694
fg_cat50_edge12_req1200.json,FG-DSCR-GC-K8sCA-tuned,50,12,None,1200,None,119.08658088235292,226.5715277777778,172.82905433006536,1064,0.8866666666666667,1059.4957209967322,21019,37485,0.6407254204840694
fg_cat50_edge12_req1500.json,FG-DSCR-GC-K8sCA-tuned,50,12,None,1500,None,119.08658088235292,226.5715277777778,172.82905433006536,1364,0.9093333333333333,1082.1623876633987,21019,37485,0.6407254204840694
fg_cat50_edge12_req200.json,FG-DSCR-GC-K8sCA-tuned,50,12,None,200,None,119.08658088235292,226.5715277777778,172.82905433006536,64,0.32,492.82905433006533,21019,37485,0.6407254204840694
fg_cat50_edge12_req2000.json,FG-DSCR-GC-K8sCA-tuned,50,12,None,2000,None,119.08658088235292,226.5715277777778,172.82905433006536,1864,0.932,1104.8290543300654,21019,37485,0.6407254204840694
fg_cat50_edge12_req400.json,FG-DSCR-GC-K8sCA-tuned,50,12,None,400,None,119.08658088235292,226.5715277777778,172.82905433006536,264,0.66,832.8290543300653,21019,37485,0.6407254204840694
fg_cat50_edge12_req600.json,FG-DSCR-GC-K8sCA-tuned,50,12,None,600,None,119.08658088235292,226.5715277777778,172.82905433006536,464,0.7733333333333333,946.1623876633987,21019,37485,0.6407254204840694
fg_cat50_edge12_req800.json,FG-DSCR-GC-K8sCA-tuned,50,12,None,800,None,119.08658088235292,226.5715277777778,172.82905433006536,664,0.83,1002.8290543300653,21019,37485,0.6407254204840694
fg_cat50_edge14_req1000.json,FG-DSCR-GC-K8sCA-tuned,50,14,None,1000,None,119.61325995807127,229.02113095238096,174.3171954552261,841,0.841,1015.317195455226,26769,46503,0.6346626269243367
fg_cat50_edge14_req1200.json,FG-DSCR-GC-K8sCA-tuned,50,14,None,1200,None,119.61325995807127,229.02113095238096,174.3171954552261,1041,0.8675,1041.817195455226,26769,46503,0.6346626269243367
fg_cat50_edge14_req1500.json,FG-DSCR-GC-K8sCA-tuned,50,14,None,1500,None,119.61325995807127,229.02113095238096,174.3171954552261,1341,0.894,1068.317195455226,26769,46503,0.6346626269243367
fg_cat50_edge14_req200.json,FG-DSCR-GC-K8sCA-tuned,50,14,None,200,None,119.61325995807127,229.02113095238096,174.3171954552261,41,0.205,379.3171954552261,26769,46503,0.6346626269243367
fg_cat50_edge14_req2000.json,FG-DSCR-GC-K8sCA-tuned,50,14,None,2000,None,119.61325995807127,229.02113095238096,174.3171954552261,1841,0.9205,1094.817195455226,26769,46503,0.6346626269243367
fg_cat50_edge14_req400.json,FG-DSCR-GC-K8sCA-tuned,50,14,None,400,None,119.61325995807127,229.02113095238096,174.3171954552261,241,0.6025,776.817195455226,26769,46503,0.6346626269243367
fg_cat50_edge14_req600.json,FG-DSCR-GC-K8sCA-tuned,50,14,None,600,None,119.61325995807127,229.02113095238096,174.3171954552261,441,0.735,909.317195455226,26769,46503,0.6346626269243367
fg_cat50_edge14_req800.json,FG-DSCR-GC-K8sCA-tuned,50,14,None,800,None,119.61325995807127,229.02113095238096,174.3171954552261,641,0.80125,975.567195455226,26769,46503,0.6346626269243367
fg_cat50_edge16_req1000.json,FG-DSCR-GC-K8sCA-tuned,50,16,None,1000,None,115.95172253258846,224.71536458333335,170.33354355796092,821,0.821,991.3335435579609,31372,54283,0.6337400035024225
fg_cat50_edge16_req1200.json,FG-DSCR-GC-K8sCA-tuned,50,16,None,1200,None,115.95172253258846,224.71536458333335,170.33354355796092,1021,0.8508333333333333,1021.1668768912944,31372,54283,0.6337400035024225
fg_cat50_edge16_req1500.json,FG-DSCR-GC-K8sCA-tuned,50,16,None,1500,None,115.95172253258846,224.71536458333335,170.33354355796092,1321,0.8806666666666667,1051.0002102246276,31372,54283,0.6337400035024225
fg_cat50_edge16_req200.json,FG-DSCR-GC-K8sCA-tuned,50,16,None,200,None,115.95172253258846,224.71536458333335,170.33354355796092,21,0.105,275.3335435579609,31372,54283,0.6337400035024225
fg_cat50_edge16_req2000.json,FG-DSCR-GC-K8sCA-tuned,50,16,None,2000,None,115.95172253258846,224.71536458333335,170.33354355796092,1821,0.9105,1080.8335435579609,31372,54283,0.6337400035024225
fg_cat50_edge16_req400.json,FG-DSCR-GC-K8sCA-tuned,50,16,None,400,None,115.95172253258846,224.71536458333335,170.33354355796092,221,0.5525,722.8335435579609,31372,54283,0.6337400035024225
fg_cat50_edge16_req600.json,FG-DSCR-GC-K8sCA-tuned,50,16,None,600,None,115.95172253258846,224.71536458333335,170.33354355796092,421,0.7016666666666667,872.0002102246276,31372,54283,0.6337400035024225
fg_cat50_edge16_req800.json,FG-DSCR-GC-K8sCA-tuned,50,16,None,800,None,116.03431098696461,225.63932291666669,170.83681695181565,621,0.77625,947.0868169518156,32259,53396,0.623384507617769
fg_cat50_edge18_req1000.json,FG-DSCR-GC-K8sCA-tuned,50,18,None,1000,None,120.54810416666668,229.44537037037037,174.99673726851853,800,0.8,974.9967372685185,39481,57438,0.5926392141891683
fg_cat50_edge18_req1200.json,FG-DSCR-GC-K8sCA-tuned,50,18,None,1200,None,120.54810416666668,229.44537037037037,174.99673726851853,1000,0.8333333333333334,1008.330070601852,39481,57438,0.5926392141891683
fg_cat50_edge18_req1500.json,FG-DSCR-GC-K8sCA-tuned,50,18,None,1500,None,120.54810416666668,229.44537037037037,174.99673726851853,1300,0.8666666666666667,1041.6634039351852,39481,57438,0.5926392141891683
fg_cat50_edge18_req200.json,FG-DSCR-GC-K8sCA-tuned,50,18,None,200,None,116.32765731292515,222.83865740740742,169.5831573601663,4,0.02,189.5831573601663,35805,58254,0.6193346729180621
fg_cat50_edge18_req2000.json,FG-DSCR-GC-K8sCA-tuned,50,18,None,2000,None,120.54810416666668,229.44537037037037,174.99673726851853,1800,0.9,1074.9967372685185,39481,57438,0.5926392141891683
fg_cat50_edge18_req400.json,FG-DSCR-GC-K8sCA-tuned,50,18,None,400,None,120.54810416666668,229.44537037037037,174.99673726851853,200,0.5,674.9967372685185,39481,57438,0.5926392141891683
fg_cat50_edge18_req600.json,FG-DSCR-GC-K8sCA-tuned,50,18,None,600,None,120.54810416666668,229.44537037037037,174.99673726851853,400,0.6666666666666666,841.6634039351852,39481,57438,0.5926392141891683
fg_cat50_edge18_req800.json,FG-DSCR-GC-K8sCA-tuned,50,18,None,800,None,120.54810416666668,229.44537037037037,174.99673726851853,600,0.75,924.9967372685185,39481,57438,0.5926392141891683
fg_cat50_edge4_req1000.json,FG-DSCR-GC-K8sCA-tuned,50,4,None,1000,None,121.61884920634921,230.0020833333333,175.81046626984124,958,0.958,1133.8104662698413,12475,8457,0.40402254920695585
fg_cat50_edge4_req1200.json,FG-DSCR-GC-K8sCA-tuned,50,4,None,1200,None,121.61884920634921,230.0020833333333,175.81046626984124,1158,0.965,1140.8104662698413,12475,8457,0.40402254920695585
fg_cat50_edge4_req1500.json,FG-DSCR-GC-K8sCA-tuned,50,4,None,1500,None,121.61884920634921,230.0020833333333,175.81046626984124,1458,0.972,1147.8104662698413,12475,8457,0.40402254920695585
fg_cat50_edge4_req200.json,FG-DSCR-GC-K8sCA-tuned,50,4,None,200,None,122.24424603174603,231.64375,176.94399801587304,158,0.79,966.943998015873,12869,8063,0.3851996942480413
fg_cat50_edge4_req2000.json,FG-DSCR-GC-K8sCA-tuned,50,4,None,2000,None,121.61884920634921,230.0020833333333,175.81046626984124,1958,0.979,1154.8104662698413,12475,8457,0.40402254920695585
fg_cat50_edge4_req400.json,FG-DSCR-GC-K8sCA-tuned,50,4,None,400,None,122.24424603174603,231.64375,176.94399801587304,358,0.895,1071.9439980158731,12869,8063,0.3851996942480413
fg_cat50_edge4_req600.json,FG-DSCR-GC-K8sCA-tuned,50,4,None,600,None,121.61884920634921,230.0020833333333,175.81046626984124,558,0.93,1105.8104662698413,12475,8457,0.40402254920695585
fg_cat50_edge4_req800.json,FG-DSCR-GC-K8sCA-tuned,50,4,None,800,None,121.61884920634921,230.0020833333333,175.81046626984124,758,0.9475,1123.3104662698413,12475,8457,0.40402254920695585
fg_cat50_edge6_req1000.json,FG-DSCR-GC-K8sCA-tuned,50,6,None,1000,None,119.40175120772946,233.9409722222222,176.67136171497583,931,0.931,1107.6713617149758,13658,17889,0.5670586743588931
fg_cat50_edge6_req1200.json,FG-DSCR-GC-K8sCA-tuned,50,6,None,1200,None,119.40175120772946,233.9409722222222,176.67136171497583,1131,0.9425,1119.1713617149758,13658,17889,0.5670586743588931
fg_cat50_edge6_req1500.json,FG-DSCR-GC-K8sCA-tuned,50,6,None,1500,None,119.40175120772946,233.9409722222222,176.67136171497583,1431,0.954,1130.6713617149758,13658,17889,0.5670586743588931
fg_cat50_edge6_req200.json,FG-DSCR-GC-K8sCA-tuned,50,6,None,200,None,119.40175120772946,233.9409722222222,176.67136171497583,131,0.655,831.6713617149758,13658,17889,0.5670586743588931
fg_cat50_edge6_req2000.json,FG-DSCR-GC-K8sCA-tuned,50,6,None,2000,None,119.40175120772946,233.9409722222222,176.67136171497583,1931,0.9655,1142.1713617149758,13658,17889,0.5670586743588931
fg_cat50_edge6_req400.json,FG-DSCR-GC-K8sCA-tuned,50,6,None,400,None,119.40175120772946,233.9409722222222,176.67136171497583,331,0.8275,1004.1713617149758,13658,17889,0.5670586743588931
fg_cat50_edge6_req600.json,FG-DSCR-GC-K8sCA-tuned,50,6,None,600,None,119.40175120772946,233.9409722222222,176.67136171497583,531,0.885,1061.6713617149758,13658,17889,0.5670586743588931
fg_cat50_edge6_req800.json,FG-DSCR-GC-K8sCA-tuned,50,6,None,800,None,119.40175120772946,233.9409722222222,176.67136171497583,731,0.91375,1090.4213617149758,13658,17889,0.5670586743588931
fg_cat50_edge8_req1000.json,FG-DSCR-GC-K8sCA-tuned,50,8,None,1000,None,121.94021739130434,228.32864583333333,175.13443161231885,908,0.908,1083.1344316123188,14430,26227,0.6450795680940551
fg_cat50_edge8_req1200.json,FG-DSCR-GC-K8sCA-tuned,50,8,None,1200,None,121.94021739130434,228.32864583333333,175.13443161231885,1108,0.9233333333333333,1098.467764945652,14430,26227,0.6450795680940551
fg_cat50_edge8_req1500.json,FG-DSCR-GC-K8sCA-tuned,50,8,None,1500,None,121.94021739130434,228.32864583333333,175.13443161231885,1408,0.9386666666666666,1113.8010982789856,14430,26227,0.6450795680940551
fg_cat50_edge8_req200.json,FG-DSCR-GC-K8sCA-tuned,50,8,None,200,None,121.94021739130434,228.32864583333333,175.13443161231885,108,0.54,715.1344316123188,14430,26227,0.6450795680940551
fg_cat50_edge8_req2000.json,FG-DSCR-GC-K8sCA-tuned,50,8,None,2000,None,121.94021739130434,228.32864583333333,175.13443161231885,1908,0.954,1129.1344316123188,14430,26227,0.6450795680940551
fg_cat50_edge8_req400.json,FG-DSCR-GC-K8sCA-tuned,50,8,None,400,None,121.94021739130434,228.32864583333333,175.13443161231885,308,0.77,945.1344316123188,14430,26227,0.6450795680940551
fg_cat50_edge8_req600.json,FG-DSCR-GC-K8sCA-tuned,50,8,None,600,None,121.94021739130434,228.32864583333333,175.13443161231885,508,0.8466666666666667,1021.8010982789855,14430,26227,0.6450795680940551
fg_cat50_edge8_req800.json,FG-DSCR-GC-K8sCA-tuned,50,8,None,800,None,121.94021739130434,228.32864583333333,175.13443161231885,708,0.885,1060.1344316123188,14430,26227,0.6450795680940551
fg_cat68_edge10_req1000.json,FG-DSCR-GC-K8sCA-tuned,68,10,None,1000,None,120.69155797101448,233.65874999999997,177.17515398550722,885,0.885,1062.1751539855072,22371,28452,0.5598252759577357
fg_cat68_edge10_req1200.json,FG-DSCR-GC-K8sCA-tuned,68,10,None,1200,None,120.69155797101448,233.65874999999997,177.17515398550722,1085,0.9041666666666667,1081.3418206521737,22371,28452,0.5598252759577357
fg_cat68_edge10_req1500.json,FG-DSCR-GC-K8sCA-tuned,68,10,None,1500,None,120.69155797101448,233.65874999999997,177.17515398550722,1385,0.9233333333333333,1100.5084873188407,22371,28452,0.5598252759577357
fg_cat68_edge10_req200.json,FG-DSCR-GC-K8sCA-tuned,68,10,None,200,None,120.71601449275362,233.93999999999997,177.32800724637679,85,0.425,602.3280072463767,22596,28227,0.5553981465084705
fg_cat68_edge10_req2000.json,FG-DSCR-GC-K8sCA-tuned,68,10,None,2000,None,120.69155797101448,233.65874999999997,177.17515398550722,1885,0.9425,1119.6751539855072,22371,28452,0.5598252759577357
fg_cat68_edge10_req400.json,FG-DSCR-GC-K8sCA-tuned,68,10,None,400,None,120.69155797101448,233.65874999999997,177.17515398550722,285,0.7125,889.6751539855072,22371,28452,0.5598252759577357
fg_cat68_edge10_req600.json,FG-DSCR-GC-K8sCA-tuned,68,10,None,600,None,120.69155797101448,233.65874999999997,177.17515398550722,485,0.8083333333333333,985.5084873188406,22371,28452,0.5598252759577357
fg_cat68_edge10_req800.json,FG-DSCR-GC-K8sCA-tuned,68,10,None,800,None,120.69155797101448,233.65874999999997,177.17515398550722,685,0.85625,1033.4251539855072,22371,28452,0.5598252759577357
fg_cat68_edge12_req1000.json,FG-DSCR-GC-K8sCA-tuned,68,12,None,1000,None,118.80088199513382,228.23611111111111,173.51849655312247,863,0.863,1036.5184965531225,23307,34855,0.5992744403562463
fg_cat68_edge12_req1200.json,FG-DSCR-GC-K8sCA-tuned,68,12,None,1200,None,118.80088199513382,228.23611111111111,173.51849655312247,1063,0.8858333333333334,1059.3518298864558,23307,34855,0.5992744403562463
fg_cat68_edge12_req1500.json,FG-DSCR-GC-K8sCA-tuned,68,12,None,1500,None,118.80088199513382,228.23611111111111,173.51849655312247,1363,0.9086666666666666,1082.185163219789,23307,34855,0.5992744403562463
fg_cat68_edge12_req200.json,FG-DSCR-GC-K8sCA-tuned,68,12,None,200,None,118.91167883211679,228.9857638888889,173.94872136050284,63,0.315,488.9487213605029,23903,34259,0.5890271998899625
fg_cat68_edge12_req2000.json,FG-DSCR-GC-K8sCA-tuned,68,12,None,2000,None,118.80088199513382,228.23611111111111,173.51849655312247,1863,0.9315,1105.0184965531225,23307,34855,0.5992744403562463
fg_cat68_edge12_req400.json,FG-DSCR-GC-K8sCA-tuned,68,12,None,400,None,118.8911496350365,228.7513888888889,173.8212692619627,263,0.6575,831.3212692619627,23678,34484,0.5928957050995496
fg_cat68_edge12_req600.json,FG-DSCR-GC-K8sCA-tuned,68,12,None,600,None,118.8911496350365,228.7513888888889,173.8212692619627,463,0.7716666666666666,945.4879359286293,23678,34484,0.5928957050995496
fg_cat68_edge12_req800.json,FG-DSCR-GC-K8sCA-tuned,68,12,None,800,None,118.80088199513382,228.23611111111111,173.51849655312247,663,0.82875,1002.2684965531225,23307,34855,0.5992744403562463
fg_cat68_edge14_req1000.json,FG-DSCR-GC-K8sCA-tuned,68,14,None,1000,None,119.51263102725366,228.46785714285713,173.9902440850554,841,0.841,1014.9902440850553,26044,46105,0.6390247959084672
fg_cat68_edge14_req1200.json,FG-DSCR-GC-K8sCA-tuned,68,14,None,1200,None,119.51263102725366,228.46785714285713,173.9902440850554,1041,0.8675,1041.4902440850553,26044,46105,0.6390247959084672
fg_cat68_edge14_req1500.json,FG-DSCR-GC-K8sCA-tuned,68,14,None,1500,None,119.51263102725366,228.46785714285713,173.9902440850554,1341,0.894,1067.9902440850553,26044,46105,0.6390247959084672
fg_cat68_edge14_req200.json,FG-DSCR-GC-K8sCA-tuned,68,14,None,200,None,119.53031970649894,228.66875,174.09953485324945,41,0.205,379.09953485324945,26269,45880,0.6359062495668686
fg_cat68_edge14_req2000.json,FG-DSCR-GC-K8sCA-tuned,68,14,None,2000,None,119.51263102725366,228.46785714285713,173.9902440850554,1841,0.9205,1094.4902440850553,26044,46105,0.6390247959084672
fg_cat68_edge14_req400.json,FG-DSCR-GC-K8sCA-tuned,68,14,None,400,None,119.51263102725366,228.46785714285713,173.9902440850554,241,0.6025,776.4902440850553,26044,46105,0.6390247959084672
fg_cat68_edge14_req600.json,FG-DSCR-GC-K8sCA-tuned,68,14,None,600,None,119.51263102725366,228.46785714285713,173.9902440850554,441,0.735,908.9902440850553,26044,46105,0.6390247959084672
fg_cat68_edge14_req800.json,FG-DSCR-GC-K8sCA-tuned,68,14,None,800,None,119.51263102725366,228.46785714285713,173.9902440850554,641,0.80125,975.2402440850553,26044,46105,0.6390247959084672
fg_cat68_edge16_req1000.json,FG-DSCR-GC-K8sCA-tuned,68,16,None,1000,None,119.52772435897435,227.96015625,173.74394030448718,818,0.818,991.7439403044872,32304,49628,0.6057218180930528
fg_cat68_edge16_req1200.json,FG-DSCR-GC-K8sCA-tuned,68,16,None,1200,None,119.52772435897435,227.96015625,173.74394030448718,1018,0.8483333333333334,1022.0772736378206,32304,49628,0.6057218180930528
fg_cat68_edge16_req1500.json,FG-DSCR-GC-K8sCA-tuned,68,16,None,1500,None,119.52772435897435,227.96015625,173.74394030448718,1318,0.8786666666666667,1052.4106069711538,32304,49628,0.6057218180930528
fg_cat68_edge16_req200.json,FG-DSCR-GC-K8sCA-tuned,68,16,None,200,None,119.74043715846996,229.68229166666666,174.71136441256832,17,0.085,259.7113644125683,33106,49044,0.5970054777845405
fg_cat68_edge16_req2000.json,FG-DSCR-GC-K8sCA-tuned,68,16,None,2000,None,119.52772435897435,227.96015625,173.74394030448718,1818,0.909,1082.7439403044873,32304,49628,0.6057218180930528
fg_cat68_edge16_req400.json,FG-DSCR-GC-K8sCA-tuned,68,16,None,400,None,119.52772435897435,227.96015625,173.74394030448718,218,0.545,718.7439403044872,32304,49628,0.6057218180930528
fg_cat68_edge16_req600.json,FG-DSCR-GC-K8sCA-tuned,68,16,None,600,None,119.52772435897435,227.96015625,173.74394030448718,418,0.6966666666666667,870.4106069711538,32304,49628,0.6057218180930528
fg_cat68_edge16_req800.json,FG-DSCR-GC-K8sCA-tuned,68,16,None,800,None,119.52772435897435,227.96015625,173.74394030448718,618,0.7725,946.2439403044872,32304,49628,0.6057218180930528
fg_cat68_edge18_req1000.json,FG-DSCR-GC-K8sCA-tuned,68,18,None,1000,None,119.71308943089431,230.5064814814815,175.10978545618792,795,0.795,970.1097854561879,38051,58409,0.6055256064690027
fg_cat68_edge18_req1200.json,FG-DSCR-GC-K8sCA-tuned,68,18,None,1200,None,119.71308943089431,230.5064814814815,175.10978545618792,995,0.8291666666666667,1004.2764521228546,38051,58409,0.6055256064690027
fg_cat68_edge18_req1500.json,FG-DSCR-GC-K8sCA-tuned,68,18,None,1500,None,119.71308943089431,230.5064814814815,175.10978545618792,1295,0.8633333333333333,1038.4431187895211,38051,58409,0.6055256064690027
fg_cat68_edge18_req200.json,FG-DSCR-GC-K8sCA-tuned,68,18,None,200,None,115.61853015075376,222.0717592592593,168.84514470500653,1,0.005,173.84514470500653,34981,57463,0.6215979403747134
fg_cat68_edge18_req2000.json,FG-DSCR-GC-K8sCA-tuned,68,18,None,2000,None,119.71308943089431,230.5064814814815,175.10978545618792,1795,0.8975,1072.6097854561879,38051,58409,0.6055256064690027
fg_cat68_edge18_req400.json,FG-DSCR-GC-K8sCA-tuned,68,18,None,400,None,119.71308943089431,230.5064814814815,175.10978545618792,195,0.4875,662.6097854561879,38051,58409,0.6055256064690027
fg_cat68_edge18_req600.json,FG-DSCR-GC-K8sCA-tuned,68,18,None,600,None,119.71308943089431,230.5064814814815,175.10978545618792,395,0.6583333333333333,833.4431187895213,38051,58409,0.6055256064690027
fg_cat68_edge18_req800.json,FG-DSCR-GC-K8sCA-tuned,68,18,None,800,None,119.78520325203252,231.3277777777778,175.55649051490516,595,0.74375,919.3064905149051,38938,57522,0.5963300850093303
fg_cat68_edge4_req1000.json,FG-DSCR-GC-K8sCA-tuned,68,4,None,1000,None,115.10019379844961,219.65833333333333,167.37926356589148,957,0.957,1124.3792635658915,10512,10365,0.4964793792211525
fg_cat68_edge4_req1200.json,FG-DSCR-GC-K8sCA-tuned,68,4,None,1200,None,115.10019379844961,219.65833333333333,167.37926356589148,1157,0.9641666666666666,1131.545930232558,10512,10365,0.4964793792211525
fg_cat68_edge4_req1500.json,FG-DSCR-GC-K8sCA-tuned,68,4,None,1500,None,115.10019379844961,219.65833333333333,167.37926356589148,1457,0.9713333333333334,1138.7125968992248,10512,10365,0.4964793792211525
fg_cat68_edge4_req200.json,FG-DSCR-GC-K8sCA-tuned,68,4,None,200,None,115.10019379844961,219.65833333333333,167.37926356589148,157,0.785,952.3792635658915,10512,10365,0.4964793792211525
fg_cat68_edge4_req2000.json,FG-DSCR-GC-K8sCA-tuned,68,4,None,2000,None,115.10019379844961,219.65833333333333,167.37926356589148,1957,0.9785,1145.8792635658915,10512,10365,0.4964793792211525
fg_cat68_edge4_req400.json,FG-DSCR-GC-K8sCA-tuned,68,4,None,400,None,115.10019379844961,219.65833333333333,167.37926356589148,357,0.8925,1059.8792635658915,10512,10365,0.4964793792211525
fg_cat68_edge4_req600.json,FG-DSCR-GC-K8sCA-tuned,68,4,None,600,None,115.10019379844961,219.65833333333333,167.37926356589148,557,0.9283333333333333,1095.7125968992248,10512,10365,0.4964793792211525
fg_cat68_edge4_req800.json,FG-DSCR-GC-K8sCA-tuned,68,4,None,800,None,115.10019379844961,219.65833333333333,167.37926356589148,757,0.94625,1113.6292635658915,10512,10365,0.4964793792211525
fg_cat68_edge6_req1000.json,FG-DSCR-GC-K8sCA-tuned,68,6,None,1000,None,122.4689054726368,232.60347222222222,177.53618884742951,933,0.933,1110.5361888474295,18353,14311,0.43812760225324515
fg_cat68_edge6_req1200.json,FG-DSCR-GC-K8sCA-tuned,68,6,None,1200,None,122.4689054726368,232.60347222222222,177.53618884742951,1133,0.9441666666666667,1121.7028555140962,18353,14311,0.43812760225324515
fg_cat68_edge6_req1500.json,FG-DSCR-GC-K8sCA-tuned,68,6,None,1500,None,122.4689054726368,232.60347222222222,177.53618884742951,1433,0.9553333333333334,1132.869522180763,18353,14311,0.43812760225324515
fg_cat68_edge6_req200.json,FG-DSCR-GC-K8sCA-tuned,68,6,None,200,None,122.81144278606962,233.8784722222222,178.3449575041459,133,0.665,843.3449575041459,18812,13852,0.42407543472936565
fg_cat68_edge6_req2000.json,FG-DSCR-GC-K8sCA-tuned,68,6,None,2000,None,122.4689054726368,232.60347222222222,177.53618884742951,1933,0.9665,1144.0361888474295,18353,14311,0.43812760225324515
fg_cat68_edge6_req400.json,FG-DSCR-GC-K8sCA-tuned,68,6,None,400,None,122.81144278606962,233.8784722222222,178.3449575041459,333,0.8325,1010.8449575041459,18812,13852,0.42407543472936565
fg_cat68_edge6_req600.json,FG-DSCR-GC-K8sCA-tuned,68,6,None,600,None,122.4689054726368,232.60347222222222,177.53618884742951,533,0.8883333333333333,1065.8695221807627,18353,14311,0.43812760225324515
fg_cat68_edge6_req800.json,FG-DSCR-GC-K8sCA-tuned,68,6,None,800,None,122.4689054726368,232.60347222222222,177.53618884742951,733,0.91625,1093.7861888474295,18353,14311,0.43812760225324515
fg_cat68_edge8_req1000.json,FG-DSCR-GC-K8sCA-tuned,68,8,None,1000,None,125.14363799283154,242.17604166666666,183.6598398297491,907,0.907,1090.6598398297492,23017,19096,0.45344667917270204
fg_cat68_edge8_req1200.json,FG-DSCR-GC-K8sCA-tuned,68,8,None,1200,None,125.14363799283154,242.17604166666666,183.6598398297491,1107,0.9225,1106.1598398297492,23017,19096,0.45344667917270204
fg_cat68_edge8_req1500.json,FG-DSCR-GC-K8sCA-tuned,68,8,None,1500,None,125.14363799283154,242.17604166666666,183.6598398297491,1407,0.938,1121.6598398297492,23017,19096,0.45344667917270204
fg_cat68_edge8_req200.json,FG-DSCR-GC-K8sCA-tuned,68,8,None,200,None,125.14363799283154,242.17604166666666,183.6598398297491,107,0.535,718.6598398297491,23017,19096,0.45344667917270204
fg_cat68_edge8_req2000.json,FG-DSCR-GC-K8sCA-tuned,68,8,None,2000,None,125.14363799283154,242.17604166666666,183.6598398297491,1907,0.9535,1137.1598398297492,23017,19096,0.45344667917270204
fg_cat68_edge8_req400.json,FG-DSCR-GC-K8sCA-tuned,68,8,None,400,None,125.14363799283154,242.17604166666666,183.6598398297491,307,0.7675,951.1598398297491,23017,19096,0.45344667917270204
fg_cat68_edge8_req600.json,FG-DSCR-GC-K8sCA-tuned,68,8,None,600,None,125.14363799283154,242.17604166666666,183.6598398297491,507,0.845,1028.6598398297492,23017,19096,0.45344667917270204
fg_cat68_edge8_req800.json,FG-DSCR-GC-K8sCA-tuned,68,8,None,800,None,125.14363799283154,242.17604166666666,183.6598398297491,707,0.88375,1067.4098398297492,23017,19096,0.45344667917270204
fg_cat88_edge10_req1000.json,FG-DSCR-GC-K8sCA-tuned,88,10,None,1000,None,122.32909420289855,233.75625,178.04267210144928,885,0.885,1063.0426721014492,21548,34316,0.6142775311470715
fg_cat88_edge10_req1200.json,FG-DSCR-GC-K8sCA-tuned,88,10,None,1200,None,122.32909420289855,233.75625,178.04267210144928,1085,0.9041666666666667,1082.209338768116,21548,34316,0.6142775311470715
fg_cat88_edge10_req1500.json,FG-DSCR-GC-K8sCA-tuned,88,10,None,1500,None,122.32909420289855,233.75625,178.04267210144928,1385,0.9233333333333333,1101.3760054347827,21548,34316,0.6142775311470715
fg_cat88_edge10_req200.json,FG-DSCR-GC-K8sCA-tuned,88,10,None,200,None,122.32909420289855,233.75625,178.04267210144928,85,0.425,603.0426721014493,21548,34316,0.6142775311470715
fg_cat88_edge10_req2000.json,FG-DSCR-GC-K8sCA-tuned,88,10,None,2000,None,122.32909420289855,233.75625,178.04267210144928,1885,0.9425,1120.5426721014492,21548,34316,0.6142775311470715
fg_cat88_edge10_req400.json,FG-DSCR-GC-K8sCA-tuned,88,10,None,400,None,122.32909420289855,233.75625,178.04267210144928,285,0.7125,890.5426721014493,21548,34316,0.6142775311470715
fg_cat88_edge10_req600.json,FG-DSCR-GC-K8sCA-tuned,88,10,None,600,None,122.32909420289855,233.75625,178.04267210144928,485,0.8083333333333333,986.3760054347827,21548,34316,0.6142775311470715
fg_cat88_edge10_req800.json,FG-DSCR-GC-K8sCA-tuned,88,10,None,800,None,122.32909420289855,233.75625,178.04267210144928,685,0.85625,1034.2926721014492,21548,34316,0.6142775311470715
fg_cat88_edge12_req1000.json,FG-DSCR-GC-K8sCA-tuned,88,12,None,1000,None,120.73850364963504,231.13958333333332,175.93904349148417,863,0.863,1038.9390434914842,27401,36381,0.5703960364993258
fg_cat88_edge12_req1200.json,FG-DSCR-GC-K8sCA-tuned,88,12,None,1200,None,120.73850364963504,231.13958333333332,175.93904349148417,1063,0.8858333333333334,1061.7723768248175,27401,36381,0.5703960364993258
fg_cat88_edge12_req1500.json,FG-DSCR-GC-K8sCA-tuned,88,12,None,1500,None,120.73850364963504,231.13958333333332,175.93904349148417,1363,0.9086666666666666,1084.6057101581507,27401,36381,0.5703960364993258
fg_cat88_edge12_req200.json,FG-DSCR-GC-K8sCA-tuned,88,12,None,200,None,120.73850364963504,231.13958333333332,175.93904349148417,63,0.315,490.9390434914842,27401,36381,0.5703960364993258
fg_cat88_edge12_req2000.json,FG-DSCR-GC-K8sCA-tuned,88,12,None,2000,None,120.73850364963504,231.13958333333332,175.93904349148417,1863,0.9315,1107.4390434914842,27401,36381,0.5703960364993258
fg_cat88_edge12_req400.json,FG-DSCR-GC-K8sCA-tuned,88,12,None,400,None,120.73850364963504,231.13958333333332,175.93904349148417,263,0.6575,833.4390434914842,27401,36381,0.5703960364993258
fg_cat88_edge12_req600.json,FG-DSCR-GC-K8sCA-tuned,88,12,None,600,None,120.73850364963504,231.13958333333332,175.93904349148417,463,0.7716666666666666,947.6057101581508,27401,36381,0.5703960364993258
fg_cat88_edge12_req800.json,FG-DSCR-GC-K8sCA-tuned,88,12,None,800,None,120.73850364963504,231.13958333333332,175.93904349148417,663,0.82875,1004.6890434914842,27401,36381,0.5703960364993258
fg_cat88_edge14_req1000.json,FG-DSCR-GC-K8sCA-tuned,88,14,None,1000,None,121.00660377358493,227.50476190476186,174.2556828391734,841,0.841,1015.2556828391735,29756,47836,0.616506856376946
fg_cat88_edge14_req1200.json,FG-DSCR-GC-K8sCA-tuned,88,14,None,1200,None,121.00660377358493,227.50476190476186,174.2556828391734,1041,0.8675,1041.7556828391735,29756,47836,0.616506856376946
fg_cat88_edge14_req1500.json,FG-DSCR-GC-K8sCA-tuned,88,14,None,1500,None,121.00660377358493,227.50476190476186,174.2556828391734,1341,0.894,1068.2556828391735,29756,47836,0.616506856376946
fg_cat88_edge14_req200.json,FG-DSCR-GC-K8sCA-tuned,88,14,None,200,None,121.16863207547172,228.30029761904763,174.7344648472597,41,0.205,379.7344648472597,30494,47098,0.6069955665532529
fg_cat88_edge14_req2000.json,FG-DSCR-GC-K8sCA-tuned,88,14,None,2000,None,121.00660377358493,227.50476190476186,174.2556828391734,1841,0.9205,1094.7556828391735,29756,47836,0.616506856376946
fg_cat88_edge14_req400.json,FG-DSCR-GC-K8sCA-tuned,88,14,None,400,None,121.10283018867926,228.05119047619047,174.57701033243487,241,0.6025,777.0770103324348,30215,47377,0.6105912980719662
fg_cat88_edge14_req600.json,FG-DSCR-GC-K8sCA-tuned,88,14,None,600,None,121.10283018867926,228.05119047619047,174.57701033243487,441,0.735,909.5770103324348,30215,47377,0.6105912980719662
fg_cat88_edge14_req800.json,FG-DSCR-GC-K8sCA-tuned,88,14,None,800,None,121.00660377358493,227.50476190476186,174.2556828391734,641,0.80125,975.5056828391735,29756,47836,0.616506856376946
fg_cat88_edge16_req1000.json,FG-DSCR-GC-K8sCA-tuned,88,16,None,1000,None,122.09755036630037,237.47421875,179.7858845581502,818,0.818,997.7858845581502,43850,47652,0.5207755021748158
fg_cat88_edge16_req1200.json,FG-DSCR-GC-K8sCA-tuned,88,16,None,1200,None,122.09755036630037,237.47421875,179.7858845581502,1018,0.8483333333333334,1028.1192178914835,43850,47652,0.5207755021748158
fg_cat88_edge16_req1500.json,FG-DSCR-GC-K8sCA-tuned,88,16,None,1500,None,122.09755036630037,237.47421875,179.7858845581502,1318,0.8786666666666667,1058.452551224817,43850,47652,0.5207755021748158
fg_cat88_edge16_req200.json,FG-DSCR-GC-K8sCA-tuned,88,16,None,200,None,122.09755036630037,237.47421875,179.7858845581502,18,0.09,269.7858845581502,43850,47652,0.5207755021748158
fg_cat88_edge16_req2000.json,FG-DSCR-GC-K8sCA-tuned,88,16,None,2000,None,122.09755036630037,237.47421875,179.7858845581502,1818,0.909,1088.7858845581502,43850,47652,0.5207755021748158
fg_cat88_edge16_req400.json,FG-DSCR-GC-K8sCA-tuned,88,16,None,400,None,122.09755036630037,237.47421875,179.7858845581502,218,0.545,724.7858845581502,43850,47652,0.5207755021748158
fg_cat88_edge16_req600.json,FG-DSCR-GC-K8sCA-tuned,88,16,None,600,None,122.09755036630037,237.47421875,179.7858845581502,418,0.6966666666666667,876.4525512248168,43850,47652,0.5207755021748158
fg_cat88_edge16_req800.json,FG-DSCR-GC-K8sCA-tuned,88,16,None,800,None,122.09755036630037,237.47421875,179.7858845581502,618,0.7725,952.2858845581502,43850,47652,0.5207755021748158
fg_cat88_edge18_req1000.json,FG-DSCR-GC-K8sCA-tuned,88,18,None,1000,None,121.66411356209152,226.55462962962963,174.10937159586058,796,0.796,970.1093715958606,35879,69363,0.6590809752760305
fg_cat88_edge18_req1200.json,FG-DSCR-GC-K8sCA-tuned,88,18,None,1200,None,121.73848039215686,226.89791666666667,174.31819852941177,996,0.83,1004.3181985294118,36306,68936,0.6550236597556108
fg_cat88_edge18_req1500.json,FG-DSCR-GC-K8sCA-tuned,88,18,None,1500,None,121.66411356209152,226.55462962962963,174.10937159586058,1296,0.864,1038.1093715958605,35879,69363,0.6590809752760305
fg_cat88_edge18_req200.json,FG-DSCR-GC-K8sCA-tuned,88,18,None,200,None,119.25917085427136,224.73865740740737,171.99891413083935,1,0.005,176.99891413083935,38660,62667,0.6184629960425159
fg_cat88_edge18_req2000.json,FG-DSCR-GC-K8sCA-tuned,88,18,None,2000,None,121.66411356209152,226.55462962962963,174.10937159586058,1796,0.898,1072.1093715958605,35879,69363,0.6590809752760305
fg_cat88_edge18_req400.json,FG-DSCR-GC-K8sCA-tuned,88,18,None,400,None,121.73848039215686,226.89791666666667,174.31819852941177,196,0.49,664.3181985294118,36306,68936,0.6550236597556108
fg_cat88_edge18_req600.json,FG-DSCR-GC-K8sCA-tuned,88,18,None,600,None,121.6971200980392,226.74166666666667,174.21939338235293,396,0.66,834.2193933823529,36081,69161,0.6571615894794853
fg_cat88_edge18_req800.json,FG-DSCR-GC-K8sCA-tuned,88,18,None,800,None,121.6971200980392,226.74166666666667,174.21939338235293,596,0.745,919.2193933823529,36081,69161,0.6571615894794853
fg_cat88_edge4_req1000.json,FG-DSCR-GC-K8sCA-tuned,88,4,None,1000,None,124.70381205673759,238.08854166666669,181.39617686170214,953,0.953,1134.396176861702,11910,12185,0.5057065781282424
fg_cat88_edge4_req1200.json,FG-DSCR-GC-K8sCA-tuned,88,4,None,1200,None,124.70381205673759,238.08854166666669,181.39617686170214,1153,0.9608333333333333,1142.2295101950356,11910,12185,0.5057065781282424
fg_cat88_edge4_req1500.json,FG-DSCR-GC-K8sCA-tuned,88,4,None,1500,None,124.70381205673759,238.08854166666669,181.39617686170214,1453,0.9686666666666667,1150.0628435283688,11910,12185,0.5057065781282424
fg_cat88_edge4_req200.json,FG-DSCR-GC-K8sCA-tuned,88,4,None,200,None,124.70381205673759,238.08854166666669,181.39617686170214,153,0.765,946.3961768617021,11910,12185,0.5057065781282424
fg_cat88_edge4_req2000.json,FG-DSCR-GC-K8sCA-tuned,88,4,None,2000,None,124.70381205673759,238.08854166666669,181.39617686170214,1953,0.9765,1157.896176861702,11910,12185,0.5057065781282424
fg_cat88_edge4_req400.json,FG-DSCR-GC-K8sCA-tuned,88,4,None,400,None,124.70381205673759,238.08854166666669,181.39617686170214,353,0.8825,1063.896176861702,11910,12185,0.5057065781282424
fg_cat88_edge4_req600.json,FG-DSCR-GC-K8sCA-tuned,88,4,None,600,None,124.70381205673759,238.08854166666669,181.39617686170214,553,0.9216666666666666,1103.0628435283688,11910,12185,0.5057065781282424
fg_cat88_edge4_req800.json,FG-DSCR-GC-K8sCA-tuned,88,4,None,800,None,124.70381205673759,238.08854166666669,181.39617686170214,753,0.94125,1122.646176861702,11910,12185,0.5057065781282424
fg_cat88_edge6_req1000.json,FG-DSCR-GC-K8sCA-tuned,88,6,None,1000,None,124.97458333333333,235.2083333333333,180.09145833333332,930,0.93,1110.0914583333333,16307,20305,0.554599584835573
fg_cat88_edge6_req1200.json,FG-DSCR-GC-K8sCA-tuned,88,6,None,1200,None,125.10708333333335,235.98124999999996,180.54416666666665,1130,0.9416666666666667,1122.2108333333333,16678,19934,0.5444662952037583
fg_cat88_edge6_req1500.json,FG-DSCR-GC-K8sCA-tuned,88,6,None,1500,None,125.10708333333335,235.98124999999996,180.54416666666665,1430,0.9533333333333334,1133.8775,16678,19934,0.5444662952037583
fg_cat88_edge6_req200.json,FG-DSCR-GC-K8sCA-tuned,88,6,None,200,None,125.10708333333335,235.98124999999996,180.54416666666665,130,0.65,830.5441666666667,16678,19934,0.5444662952037583
fg_cat88_edge6_req2000.json,FG-DSCR-GC-K8sCA-tuned,88,6,None,2000,None,124.97458333333333,235.2083333333333,180.09145833333332,1930,0.965,1145.0914583333333,16307,20305,0.554599584835573
fg_cat88_edge6_req400.json,FG-DSCR-GC-K8sCA-tuned,88,6,None,400,None,125.10708333333335,235.98124999999996,180.54416666666665,330,0.825,1005.5441666666667,16678,19934,0.5444662952037583
fg_cat88_edge6_req600.json,FG-DSCR-GC-K8sCA-tuned,88,6,None,600,None,125.10708333333335,235.98124999999996,180.54416666666665,530,0.8833333333333333,1063.8774999999998,16678,19934,0.5444662952037583
fg_cat88_edge6_req800.json,FG-DSCR-GC-K8sCA-tuned,88,6,None,800,None,125.10708333333335,235.98124999999996,180.54416666666665,730,0.9125,1093.0441666666666,16678,19934,0.5444662952037583
fg_cat88_edge8_req1000.json,FG-DSCR-GC-K8sCA-tuned,88,8,None,1000,None,123.58865248226951,231.4333333333333,177.5109929078014,906,0.906,1083.5109929078014,17163,29130,0.6292528027995593
fg_cat88_edge8_req1200.json,FG-DSCR-GC-K8sCA-tuned,88,8,None,1200,None,123.63798758865249,232.01302083333331,177.8255042109929,1106,0.9216666666666666,1099.4921708776596,17534,28759,0.6212386321906119
fg_cat88_edge8_req1500.json,FG-DSCR-GC-K8sCA-tuned,88,8,None,1500,None,123.63798758865249,232.01302083333331,177.8255042109929,1406,0.9373333333333334,1115.1588375443262,17534,28759,0.6212386321906119
fg_cat88_edge8_req200.json,FG-DSCR-GC-K8sCA-tuned,88,8,None,200,None,123.63798758865249,232.01302083333331,177.8255042109929,106,0.53,707.8255042109929,17534,28759,0.6212386321906119
fg_cat88_edge8_req2000.json,FG-DSCR-GC-K8sCA-tuned,88,8,None,2000,None,123.58865248226951,231.4333333333333,177.5109929078014,1906,0.953,1130.5109929078014,17163,29130,0.6292528027995593
fg_cat88_edge8_req400.json,FG-DSCR-GC-K8sCA-tuned,88,8,None,400,None,123.63798758865249,232.01302083333331,177.8255042109929,306,0.765,942.8255042109929,17534,28759,0.6212386321906119
fg_cat88_edge8_req600.json,FG-DSCR-GC-K8sCA-tuned,88,8,None,600,None,123.63798758865249,232.01302083333331,177.8255042109929,506,0.8433333333333334,1021.1588375443263,17534,28759,0.6212386321906119
fg_cat88_edge8_req800.json,FG-DSCR-GC-K8sCA-tuned,88,8,None,800,None,123.63798758865249,232.01302083333331,177.8255042109929,706,0.8825,1060.325504210993,17534,28759,0.6212386321906119
