base_requests,target_requests,cache_scale,wan_mb_s,baseline,num_seeds,mean_ready_s_mean,mean_ready_s_ci95,p95_ready_s_mean,p95_ready_s_ci95,makespan_s_mean,makespan_s_ci95,registry_mb_mean,registry_mb_ci95,peer_mb_mean,peer_mb_ci95,p2p_offload_pct_mean,p2p_offload_pct_ci95,runtime_ms_mean,runtime_ms_ci95
200,100,0.5,10.0,dragonfly_style,20,745.1200555057209,24.08924365612751,1398.2750000000003,58.76686417950705,1460.3650000000005,53.128906440219104,14603.65,531.2890644021907,2666.95,230.92312538221654,15.423136264756433,1.193570547706896,103.50937731564045,6.797830031103164
200,100,0.5,10.0,ilrsa_style,20,1237.3215936470842,47.04869983058606,1723.2099999999991,61.55462247003416,1727.0599999999977,60.74420595284607,17270.6,607.4420595284685,0.0,0.0,0.0,0.0,173.7426359206438,13.951858382638646
200,100,0.5,10.0,metapipe_reactive_style,20,671.7358474908449,21.783141631747256,1350.3950000000002,60.00679100230822,1403.6150000000002,53.19108317598942,14036.15,531.9108317598942,3234.45,318.5004890237035,18.68739432955435,1.6663373357530908,137.00985200703144,10.29770416956486
200,100,0.5,10.0,peersync_style,20,702.4138421254098,21.956506364080912,1316.2900000000004,58.0143402146977,1378.3800000000006,50.053197526396325,13783.8,500.53197526396275,3486.8,282.7906233316016,20.151676899493808,1.3874538964591285,168.10760386288166,10.570452665667872
200,100,0.5,10.0,registry,20,963.9233184086335,27.42811688630663,1670.2749999999974,60.591007495240106,1727.0599999999972,60.74420595284672,17270.6,607.4420595284685,0.0,0.0,0.0,0.0,86.50158531963825,5.6922838524273685
200,100,0.5,30.0,dragonfly_style,20,249.53151931031806,8.329024405868697,467.56333333333333,19.534970188650885,488.26,17.92323297274551,14647.8,537.6969891823608,2622.8,234.86577006289986,15.170694527363473,1.2304610264769111,103.36357019841671,6.885451528080589
200,100,0.5,30.0,ilrsa_style,20,412.4405312156949,15.682899943528787,574.403333333334,20.518207490011818,575.686666666667,20.24806865094901,17270.6,607.4420595284685,0.0,0.0,0.0,0.0,173.60640689730644,13.857805707112517
200,100,0.5,30.0,metapipe_reactive_style,20,223.52377454018293,7.22853171451337,452.04164583333335,20.324625426306064,468.3033125,17.968590423176245,14049.05,539.1028104135966,3221.55,316.96015534031926,18.61924951849633,1.675256046647278,138.92894722521305,10.402075585475098
200,100,0.5,30.0,peersync_style,20,235.11096323874744,7.504294355056883,442.71499999999986,19.464288314659527,460.4549999999998,16.15208073119025,13813.65,484.5624219357059,3456.95,291.45683962218845,19.962873329106223,1.400584294543152,168.14255267381668,10.64655329354943
200,100,0.5,30.0,registry,20,321.3077728028782,9.142705628768871,556.7583333333332,20.197002498413454,575.6866666666667,20.248068650949026,17270.6,607.4420595284685,0.0,0.0,0.0,0.0,86.18533536791801,5.6987868429293025
200,100,0.5,100.0,dragonfly_style,20,76.6090254024615,2.5828019209752333,151.42946283004244,7.557366861878658,161.03862949670912,6.996664442868724,14637.1,557.7150403991842,2633.5,259.7699518995048,15.238368646889118,1.403090604368507,104.06938157975674,6.935703722268615
200,100,0.5,100.0,ilrsa_style,20,123.82421276111634,4.690232910894422,173.44216666666702,5.915300118477706,173.9863333333337,5.8002134303905475,17270.6,607.4420595284685,0.0,0.0,0.0,0.0,173.9524256438017,13.896531946910555
200,100,0.5,100.0,metapipe_reactive_style,20,69.08932273238393,2.3394289610416044,151.1453243021824,7.610391779510008,157.05865763551571,6.947631673042632,14130.85,568.4071839578397,3139.75,274.92194889573824,18.18019654941243,1.5000542179864602,142.83867850899696,10.68769093596228
200,100,0.5,100.0,peersync_style,20,72.91404858241401,2.3225199606897884,146.46761917507143,7.219232206167713,154.22886917507145,6.5396277198963375,13862.2,496.799941826361,3408.4,282.3928336824021,19.694232875925014,1.3701114357863862,169.6937382221222,10.665004715227361
200,100,0.5,100.0,registry,20,96.4142317436227,2.739479351923242,167.0274999999999,6.0591007495240214,173.9863333333333,5.8002134303904995,17270.6,607.4420595284685,0.0,0.0,0.0,0.0,86.21570393443108,5.68686065527076
200,100,1.0,10.0,dragonfly_style,20,422.4541380768555,23.606190000754836,673.9426464980161,36.29062850190794,737.6861429761909,33.915108057038765,7351.5,350.561156791091,8104.7,577.8626214037695,52.282813114167496,2.3148108750021335,98.69721420109272,4.133320942310555
200,100,1.0,10.0,ilrsa_style,20,1003.7861504007957,50.88932403253295,1543.0999999999992,58.254560245399176,1545.6199999999978,57.727793729888056,15456.2,577.2779372988798,0.0,0.0,0.0,0.0,161.5909691900015,8.436547697116579
200,100,1.0,10.0,metapipe_reactive_style,20,397.65428551053685,23.509020085926345,645.6736402147125,33.24859741382754,686.1974902852184,36.75098719949765,6791.15,371.48629865485844,8665.05,546.0383993036777,55.97083448663225,2.191906375119088,127.42178738117218,6.400002117939721
200,100,1.0,10.0,peersync_style,20,390.03987238895394,24.881382982011928,588.4212286086314,26.068953029419646,613.9522176132612,31.018561955478503,5979.5,375.4520876619244,9476.7,654.8064023971107,61.14207968420135,2.565007379654842,179.25523407757282,6.231994699674532
200,100,1.0,10.0,registry,20,791.6710827132906,33.44983589076599,1479.309999999998,54.85043925678879,1545.6199999999976,57.72779372988793,15456.2,577.2779372988798,0.0,0.0,0.0,0.0,79.70856465399265,3.091091005551992
200,100,1.0,30.0,dragonfly_style,20,148.088059239477,7.428646150548199,236.31390762102615,8.561732887065116,252.24137752550126,9.01478163928492,7279.25,341.2218070274114,8176.95,589.8061271042164,52.733447974714295,2.353094166873614,101.8289964646101,6.235926968311272
200,100,1.0,30.0,ilrsa_style,20,334.5953834669323,16.96310801084429,514.3666666666675,19.418186748466457,515.2066666666676,19.24259790996257,15456.2,577.2779372988798,0.0,0.0,0.0,0.0,161.68078035116196,8.453968931674583
200,100,1.0,30.0,metapipe_reactive_style,20,139.58649880247214,8.443196786736063,237.4634127694949,13.696004642153731,244.49518368822467,13.208636994258006,6643.0,363.8987714136128,8813.2,564.314091355852,56.91481459728902,2.189956456958767,128.78566943109035,6.479132234808708
200,100,1.0,30.0,peersync_style,20,137.81425201974093,7.907344566165966,220.93392170666564,7.725453051895574,228.56988891440542,6.948881426637981,5981.9,325.9064462696158,9474.3,637.8266986754437,61.11460426377849,2.335641897065976,180.4280173033476,6.155777114878188
200,100,1.0,30.0,registry,20,263.8903609044306,11.149945296921974,493.1033333333338,18.28347975226289,515.2066666666672,19.2425979099626,15456.2,577.2779372988798,0.0,0.0,0.0,0.0,79.34389486908913,3.109565172545535
200,100,1.0,100.0,dragonfly_style,20,53.35831546499482,2.5302439987181984,100.1660656856106,3.2763356028752013,105.76756328851447,4.276672388177053,7335.5,342.38662306374846,8120.7,587.624860467243,52.37115167069238,2.3440837864258297,101.31575018167496,4.260816383689623
200,100,1.0,100.0,ilrsa_style,20,100.48155527202148,5.1081003264812574,155.58204166666692,6.263249529139874,155.92491666666692,6.197843857999801,15456.2,577.2779372988798,0.0,0.0,0.0,0.0,161.52933463454247,8.437097155546125
200,100,1.0,100.0,metapipe_reactive_style,20,46.672985951007085,2.684351584608207,92.95889962745312,4.20018893660293,98.5735335629838,4.2419310933815915,6673.95,370.42460487554206,8782.25,575.4272668145402,56.704886586273176,2.2854457065059974,132.11623765528202,6.531200368014126
200,100,1.0,100.0,peersync_style,20,50.71888939489406,2.7517579555030705,95.89751883953629,3.853723619820623,101.10813607277863,4.625061848733743,6131.9,330.18394860724067,9324.3,598.5993500104394,60.1777684772726,2.287320514807522,179.07221540808678,5.805059477131864
200,100,1.0,100.0,registry,20,79.1958034757333,3.3510426925549552,147.9309999999998,5.48504392567887,155.92491666666655,6.197843857999752,15456.2,577.2779372988798,0.0,0.0,0.0,0.0,79.30807694792747,3.0674639868153153
200,100,2.0,10.0,dragonfly_style,20,56.2066414011136,12.915377423156285,235.2411566137567,32.47577703675831,262.82458333333335,31.048612831221146,2590.4,312.32856285028464,5218.8,683.7841874163698,66.22543193116373,3.7615899865990396,73.34559969604015,5.110274727536649
200,100,2.0,10.0,ilrsa_style,20,247.83106378435022,44.92036450519296,771.1199999999999,82.43974020148991,780.92,80.09922873555726,7809.2,800.9922873555761,0.0,0.0,0.0,0.0,95.56081779301167,9.551263400413198
200,100,2.0,10.0,metapipe_reactive_style,20,61.76806605288007,12.175427350079879,248.55265362136242,27.27626831951917,279.50966478174604,28.99684711937534,2745.35,284.24532600864416,5063.85,720.4966645154849,63.9640261836358,3.7466550641093463,88.02199549973011,7.083667102905302
200,100,2.0,10.0,peersync_style,20,51.89370754717845,12.530590023493607,214.2856093584656,29.42628176316287,229.22678298611103,27.24401055680136,2245.25,270.2657657072394,5563.95,755.6571619708944,70.42109434108717,3.8529652565426655,128.996991366148,9.593848871740487
200,100,2.0,10.0,registry,20,192.08408143888636,36.819004072462214,724.42,79.06825935921384,780.9200000000001,80.09922873555746,7809.2,800.9922873555761,0.0,0.0,0.0,0.0,62.43777796626091,3.718296451883361
200,100,2.0,30.0,dragonfly_style,20,19.853890567499928,4.366925875017169,79.5387003240741,11.296819784039954,90.7520283738426,11.496827881518298,2605.2,340.86082162781855,5204.0,702.3829908176727,66.00010944690608,4.1132896417350375,74.39375668764114,5.146087244889668
200,100,2.0,30.0,ilrsa_style,20,82.6103545947833,14.97345483506434,257.0399999999997,27.479913400496827,260.3066666666665,26.69974291185275,7809.2,800.9922873555761,0.0,0.0,0.0,0.0,95.61257734894753,9.4639822107828
200,100,2.0,30.0,metapipe_reactive_style,20,21.56879880318482,4.140751833854586,85.07002910138603,9.399932181055126,97.28199163277861,9.819701364663626,2719.3,287.07606616646046,5089.9,730.8939641502801,64.26873586869074,3.825347232620595,88.79550322890282,7.338339983399755
200,100,2.0,30.0,peersync_style,20,18.487555081412143,4.176586313914496,72.55527554232806,10.331248269904066,80.50209363343257,10.004923876291379,2245.25,270.2657657072394,5563.95,755.6571619708944,70.42109434108717,3.8529652565426655,130.08051812648773,9.863446948259655
200,100,2.0,30.0,registry,20,64.02802714629537,12.273001357487406,241.47333333333302,26.3560864530713,260.3066666666664,26.699742911852578,7809.2,800.9922873555761,0.0,0.0,0.0,0.0,61.94916516542435,3.6973582490379946
200,100,2.0,100.0,dragonfly_style,20,7.3070891363747865,1.3165405806138106,28.26490806888005,3.072052354206243,34.19393921579032,2.6565841201808658,2568.3,300.3974117397161,5240.9,713.448198814027,66.39355065850378,3.860144841726847,76.14641152322292,5.192864973528649
200,100,2.0,100.0,ilrsa_style,20,24.853974891779913,4.504461426598883,78.02145833333337,8.341165056916104,79.34075000000006,7.999666754381431,7809.2,800.9922873555761,0.0,0.0,0.0,0.0,95.69327682256699,9.497401921001694
200,100,2.0,100.0,metapipe_reactive_style,20,7.449639756947211,1.3294240215939679,30.181617520059678,3.186938312181517,39.0841925649249,2.854517896867338,2673.75,303.1203814998074,5135.45,732.5276136066252,64.88088893572238,4.021456235099347,91.51241257786751,7.6353056365167555
200,100,2.0,100.0,peersync_style,20,7.001302463435857,1.2219465433233947,26.68307791633816,2.7691186470262266,33.4898205236651,2.5117382120282503,2245.25,270.2657657072394,5563.95,755.6571619708944,70.42109434108717,3.8529652565426655,131.08072467148304,8.595508023172629
200,100,2.0,100.0,registry,20,19.228573355425574,3.6813329090653903,72.44199999999998,7.906825935921402,79.34074999999999,7.999666754381439,7809.2,800.9922873555761,0.0,0.0,0.0,0.0,61.92198731005192,3.704573555309865
500,250,0.5,10.0,dragonfly_style,20,689.1624590964082,17.57308872706325,1289.1279563492071,54.276198844407794,1350.6700000000008,41.97232903333747,13506.7,419.7232903333733,2604.4,350.7615600516411,16.00709496677223,1.6759530791090682,115.71962386369705,5.636470785388878
500,250,0.5,10.0,ilrsa_style,20,1117.278441808098,52.83029429530362,1605.744999999999,62.78785275642081,1611.1099999999976,62.420777583458715,16111.1,624.2077758345883,0.0,0.0,0.0,0.0,233.50436128675938,13.440333128821715
500,250,0.5,10.0,metapipe_reactive_style,20,595.0794425045917,16.768488020450352,1233.6444047619048,57.695365750863594,1312.266,49.63246466889234,13122.65,496.3212720817216,2988.45,378.15109545800726,18.44277284970651,1.9700500519549815,160.34682728350163,7.906098368518298
500,250,0.5,10.0,peersync_style,20,643.0311363611194,16.903430537802652,1199.1712896825404,51.95090168584201,1261.1800000000007,35.751126126433945,12611.8,357.5112612643382,3499.3,348.2170610395861,21.554486964997253,1.4165444105843605,186.63206472992897,7.872203080698315
500,250,0.5,10.0,registry,20,874.4689385755815,37.79925377924011,1507.1399999999985,61.02681955358146,1611.109999999998,62.42077758345868,16111.1,624.2077758345883,0.0,0.0,0.0,0.0,99.19910617172718,4.287793005700472
500,250,0.5,30.0,dragonfly_style,20,230.6039245692377,6.599087709056565,432.2062896825395,18.93747152540947,452.7149999999998,14.77035987980031,13581.45,443.1107963940091,2529.65,325.54886278943934,15.56987242757191,1.5824240698564742,115.27169235050678,5.507593195437636
500,250,0.5,30.0,ilrsa_style,20,372.4261472693662,17.610098098434523,535.2483333333344,20.929284252140302,537.0366666666675,20.806925861152777,16111.1,624.2077758345883,0.0,0.0,0.0,0.0,233.76228623092175,13.41524250731156
500,250,0.5,30.0,metapipe_reactive_style,20,197.90795754055787,5.214311725183283,409.8782544047619,18.97221586406807,436.101,16.244157552149726,13083.0,487.3172425190748,3028.1,405.92713847042796,18.666382372957386,2.0978455728257135,161.786650121212,8.18991877056726
500,250,0.5,30.0,peersync_style,20,214.34160549620609,6.2017001297858805,400.29295634920607,18.745598554508334,420.89499999999975,13.392430729633725,12626.85,401.7729218890119,3484.25,307.53697815645614,21.507186989291565,1.2732588035633297,186.51694059371948,7.938799606605574
500,250,0.5,30.0,registry,20,291.4896461918609,12.59975125974664,502.3800000000004,20.342273184527023,537.0366666666672,20.806925861152727,16111.1,624.2077758345883,0.0,0.0,0.0,0.0,98.31021763384342,4.048339701422815
500,250,0.5,100.0,dragonfly_style,20,69.61063912868411,2.2549381470061336,136.12382905864197,8.287393807606819,146.40144630930334,6.075573014427014,13547.75,463.9764293027853,2563.35,316.71637145051636,15.80076539737228,1.5833474290471041,115.9225556999445,5.345221144067043
500,250,0.5,100.0,ilrsa_style,20,111.87124727641019,5.261374894895572,162.2897500000002,6.342548639730696,163.0376666666668,6.2739820273265305,16111.1,624.2077758345883,0.0,0.0,0.0,0.0,233.63553509116173,13.345120320965492
500,250,0.5,100.0,metapipe_reactive_style,20,60.585058335685794,1.5110149018094634,132.04167190890132,7.109321262828224,143.4035377040516,5.990089084168079,13128.75,474.7621487926508,2982.35,400.357015512237,18.375132384018478,2.049320928566273,165.40540233254433,8.487800259603775
500,250,0.5,100.0,peersync_style,20,65.1443165221676,1.9967360120191868,127.06437371751679,7.920724250234354,137.3352616143422,5.670010107875471,12575.8,420.80847456561395,3535.3,317.90088908081583,21.834046733417527,1.407184050908165,187.31238469481468,8.073067573032604
500,250,0.5,100.0,registry,20,87.47655378345014,3.7790073844053107,150.71399999999983,6.102681955358218,163.0376666666665,6.273982027326528,16111.1,624.2077758345883,0.0,0.0,0.0,0.0,98.25140796601772,4.038113408263865
500,250,1.0,10.0,dragonfly_style,20,361.2147925659838,35.84596868357979,648.2710586662258,36.25802079543124,711.696541666667,37.06756198007712,7099.4,366.91324640139175,7307.1,479.9209798425981,50.6247851699259,2.27588495619702,111.82506419718266,5.564227138862311
500,250,1.0,10.0,ilrsa_style,20,845.6968061277445,46.06241328904367,1432.9549999999997,55.00725677425333,1440.6499999999978,54.496393960900804,14406.5,544.9639396090084,0.0,0.0,0.0,0.0,230.69661483168602,14.706254539021092
500,250,1.0,10.0,metapipe_reactive_style,20,349.3795302684386,23.747694904636827,656.3474716523737,24.192955264707756,721.1237849423287,30.636211201326883,7105.6,324.9679265298152,7300.9,526.1556505169964,50.51001649459043,2.304513286792328,155.57870641350746,8.978037209465873
500,250,1.0,10.0,peersync_style,20,336.43397617170046,35.172410710896656,575.0037161837247,23.282096024450702,606.8451718860232,29.318815464427246,6007.45,299.7163259120045,8399.05,464.19640464100786,58.21653331107846,1.7706536180027737,209.52748097479343,9.166955187215049
500,250,1.0,10.0,registry,20,674.1443139839748,33.68094528715325,1353.0649999999996,54.70110926400494,1440.649999999999,54.49639396090078,14406.5,544.9639396090084,0.0,0.0,0.0,0.0,97.20434807240963,4.253227399223505
500,250,1.0,30.0,dragonfly_style,20,124.06281579215428,11.998299925041055,223.8557698263886,10.060789234098339,240.7323601901453,11.612750574948047,7046.45,347.1805424216421,7360.05,513.7473821775296,50.94602408941917,2.355716606172707,113.8349536806345,5.748815006974384
500,250,1.0,30.0,ilrsa_style,20,281.8989353759151,15.35413776301455,477.65166666666755,18.335752258084582,480.21666666666795,18.1654646536336,14406.5,544.9639396090084,0.0,0.0,0.0,0.0,230.75798265635967,14.709835540445518
500,250,1.0,30.0,metapipe_reactive_style,20,117.40947927191169,10.831994334219825,231.1061502061562,11.235962815121882,248.6808718639438,9.80933239699695,6993.55,312.3090396582684,7412.95,506.4329007513977,51.30543658880222,2.144073999416301,157.47721940279007,9.082739163217488
500,250,1.0,30.0,peersync_style,20,116.41196011515582,11.975851406203198,207.78850321624208,9.203628804024344,215.86852401611162,10.428368052167817,5968.95,278.4356033929406,8437.55,461.4320056439477,58.47542514487701,1.6756179148461006,210.44881343841553,9.569808766050135
500,250,1.0,30.0,registry,20,224.71477132799188,11.226981762384387,451.0216666666672,18.23370308800153,480.2166666666674,18.16546465363349,14406.5,544.9639396090084,0.0,0.0,0.0,0.0,96.42499089241028,4.277529273457395
500,250,1.0,100.0,dragonfly_style,20,42.22570084482807,4.284981039419384,84.8692154979764,6.0652276414416795,93.0865054972978,6.93733538184043,7065.6,383.77912978807564,7340.9,457.53981538973085,50.89598986940757,2.1949007491007824,115.83449579775333,5.583899558740569
500,250,1.0,100.0,ilrsa_style,20,84.69990494435999,4.601684457141498,144.81683333333348,5.587019785731124,146.05495833333356,5.483866129721479,14406.5,544.9639396090084,0.0,0.0,0.0,0.0,231.0487974435091,14.856006459186577
500,250,1.0,100.0,metapipe_reactive_style,20,37.7898357921022,3.724408389854987,80.71788743138347,5.5271150226393635,93.365474307378,4.559060861873091,6996.25,302.9657453377134,7410.25,500.02309431862545,51.2837633252811,2.1029446819711635,160.7609488070011,9.33259136168366
500,250,1.0,100.0,peersync_style,20,39.998546569610426,4.261595686895872,80.82158070482298,6.4554861975314966,87.81734630434718,7.561954220081662,6006.4,293.0433840143056,8400.1,443.2738724995031,58.23519709091799,1.6340891148045682,211.1852813512087,8.993494275507585
500,250,1.0,100.0,registry,20,67.44907861426164,3.366803235238144,135.34549999999987,5.493459181076609,146.05495833333325,5.483866129721413,14406.5,544.9639396090084,0.0,0.0,0.0,0.0,96.64973877370358,4.348276007651813
500,250,2.0,10.0,dragonfly_style,20,49.258692065587944,8.721116426366708,237.74249378306874,27.713821749429773,265.3238030092592,26.366696856742013,2623.3,268.45409991240297,3898.4,731.5166888856962,57.591211708261916,7.011690748985404,70.81698030233383,6.696268528426469
500,250,2.0,10.0,ilrsa_style,20,163.26508218945534,25.474411588900377,637.1850000000001,67.89516077023183,652.1700000000005,66.92724099768557,6521.7,669.2724099768537,0.0,0.0,0.0,0.0,107.88571424782276,14.449785536583727
500,250,2.0,10.0,metapipe_reactive_style,20,47.34339137930087,7.805623769561176,238.54881635678458,28.750371263853147,270.0971505952381,32.265927327135465,2653.1,333.88734525662437,3868.6,680.7302405124128,57.58707886938604,6.885623683111351,88.6623665690422,7.944495181474021
500,250,2.0,10.0,peersync_style,20,46.95347618171916,8.646301388259175,222.46796094576715,27.348134286482175,242.09210489417984,23.530638805412433,2386.9,241.81780687215408,4134.8,744.5759206723982,61.223236393438434,6.687606567262481,124.18198399245739,13.455403159380008
500,250,2.0,10.0,registry,20,126.32319212738999,19.050361044925904,563.3050000000001,62.565962297536515,652.1700000000002,66.9272409976855,6521.7,669.2724099768537,0.0,0.0,0.0,0.0,62.73527666926384,5.43181369340576
500,250,2.0,30.0,dragonfly_style,20,17.081137111982216,2.8292761979074945,79.74328099041008,10.12101820925336,92.61353422123018,8.929999700106597,2657.1,278.7322798658154,3864.6,723.9653481222143,57.132412453452,6.968348684900348,71.54701203107834,6.794776584719602
500,250,2.0,30.0,ilrsa_style,20,54.42169406315172,8.491470529633446,212.39499999999967,22.63172025674389,217.38999999999976,22.30908033256189,6521.7,669.2724099768537,0.0,0.0,0.0,0.0,107.94816985726357,14.471624355954487
500,250,2.0,30.0,metapipe_reactive_style,20,16.29307694655566,2.5333416832502924,80.77964224890177,9.4724471353101,94.93658231412404,10.15313734690154,2689.35,331.67574637949025,3832.35,674.3671586361911,57.046049818253124,6.828603410590087,89.34715464711189,8.182288204762562
500,250,2.0,30.0,peersync_style,20,16.31422000625345,2.763793813294,74.93154690711808,9.344792259264967,84.45119440476192,7.5097425786850796,2386.9,241.81780687215408,4134.8,744.5759206723982,61.223236393438434,6.687606567262481,126.3290461152792,13.336707907872437
500,250,2.0,30.0,registry,20,42.107730709129974,6.350120348308612,187.76833333333323,20.85532076584543,217.38999999999987,22.309080332561773,6521.7,669.2724099768537,0.0,0.0,0.0,0.0,61.8941854685545,5.537631084952818
500,250,2.0,100.0,dragonfly_style,20,5.948610372701085,0.694002266613173,26.863229823826046,2.5048110448085303,35.1326078922134,2.5861789817982217,2658.3,287.8959390302419,3863.4,729.9717874380834,57.07616098430098,7.089813062005156,72.30867557227612,6.952490056174766
500,250,2.0,100.0,ilrsa_style,20,16.38697945554313,2.5485178013606298,64.35725000000005,6.879223048672222,66.39937500000008,6.777894207624012,6521.7,669.2724099768537,0.0,0.0,0.0,0.0,107.99636989831924,14.516934947863826
500,250,2.0,100.0,metapipe_reactive_style,20,5.40199293496195,0.7044349619921021,26.526228792126396,2.773162501499303,35.66388542654635,2.884552080794588,2686.65,308.28073332110336,3835.05,691.6967016075276,56.93440979983729,6.787597602498007,91.61970168352127,8.909640084883256
500,250,2.0,100.0,peersync_style,20,5.793943229540654,0.675998043155678,25.811334025573178,2.2358562241097495,34.16767243638888,2.6483007566519823,2386.9,241.81780687215408,4134.8,744.5759206723982,61.223236393438434,6.687606567262481,125.62321312725544,12.644312595861527
500,250,2.0,100.0,registry,20,12.65274201417302,1.9036908051793744,56.3305,6.256596229753642,66.399375,6.777894207624002,6521.7,669.2724099768537,0.0,0.0,0.0,0.0,61.778655648231506,5.462973108165079
1000,500,0.5,10.0,dragonfly_style,20,666.9277567715425,18.977129511615754,1276.05110138889,55.55904442081081,1391.3550000000012,50.32252209952132,13913.55,503.22522099521245,2523.4,226.10378335166075,15.373106898913226,1.3837891386918226,127.70177125930786,5.622178287440009
1000,500,0.5,10.0,ilrsa_style,20,1142.8355953704274,51.3239410714204,1635.4550000000002,52.46383611980438,1643.6949999999983,50.771044354956466,16436.95,507.71044354956507,0.0,0.0,0.0,0.0,291.1902453750372,16.961198488920846
1000,500,0.5,10.0,metapipe_reactive_style,20,577.2566322750333,11.302144784511329,1243.3553669642858,47.44940254631835,1374.7622000000001,51.921070221032586,13747.6,519.2032422235236,2689.35,304.4701981540227,16.367224327737993,1.7775145958433785,183.0351322889328,9.266828616587274
1000,500,0.5,10.0,peersync_style,20,628.9759406150305,18.873869949757758,1180.6479305555565,52.62732696799597,1301.315000000001,49.02899384480677,13013.15,490.28993844806536,3423.8,316.99100063492915,20.825823115466136,1.7759487958082996,204.93998378515244,10.412285472301885
1000,500,0.5,10.0,registry,20,861.6350922841674,24.148935009359693,1543.5949999999987,44.90570777753831,1643.6949999999986,50.77104435495616,16436.95,507.71044354956507,0.0,0.0,0.0,0.0,111.58659420907497,4.846374446412091
1000,500,0.5,30.0,dragonfly_style,20,222.0879546829212,6.63661603571281,422.3721738425925,18.152292409700223,463.7249999999999,16.943344995177927,13911.75,508.3003498553362,2525.2,226.46769041851607,15.388598603843157,1.4010348911498602,128.11400070786476,5.599232086009789
1000,500,0.5,30.0,ilrsa_style,20,380.94519845680963,17.10798035714013,545.1516666666678,17.487945373268218,547.8983333333341,16.923681451652143,16436.95,507.71044354956507,0.0,0.0,0.0,0.0,291.3117479532957,16.88191202492186
1000,500,0.5,30.0,metapipe_reactive_style,20,192.14613292489082,3.6372995237858317,414.82104119386577,15.778165154983986,458.411936,17.29895193664729,13752.25,518.9591589618735,2684.7,303.18784984928243,16.33927894580033,1.7686392233953987,184.82106439769268,9.073168573132033
1000,500,0.5,30.0,peersync_style,20,209.86409131959317,6.3038007084166345,395.5373914682537,18.714426227020024,432.69833333333304,16.727261766870793,12980.95,501.8178530061232,3456.0,330.48226172728084,21.024711364158986,1.8897607674932742,204.97579909861088,10.446617482262226
1000,500,0.5,30.0,registry,20,287.2116974280563,8.04964500311995,514.5316666666672,14.96856925917953,547.898333333334,16.923681451652115,16436.95,507.71044354956507,0.0,0.0,0.0,0.0,110.44673584401608,4.90839644137024
1000,500,0.5,100.0,dragonfly_style,20,67.65008142529676,1.983117320913407,133.553656179997,7.12210451405357,151.22021723968004,6.43760866481318,13963.15,495.24518604894604,2473.8,234.8442705251537,15.057846929493719,1.3936395822438723,128.54087240993977,5.816001408758008
1000,500,0.5,100.0,ilrsa_style,20,114.38336230692842,5.138237431035423,164.79225000000037,5.401501631352219,166.13750000000056,5.140171921211909,16436.95,507.71044354956507,0.0,0.0,0.0,0.0,291.35137498378754,17.011581754921746
1000,500,0.5,100.0,metapipe_reactive_style,20,58.376942109757614,1.1533361499872834,131.53308568265385,6.4186357725282,150.95045977056722,6.498134438373603,13802.05,546.4576304665313,2634.9,274.55412808734184,16.070278839642068,1.6658931370125807,187.3101707547903,9.627502362097198
1000,500,0.5,100.0,peersync_style,20,63.86477507085493,2.0217457492841913,126.58823693866555,7.582485594380956,143.2047382097469,6.47948815265658,13026.7,481.6464343571619,3410.25,333.0779901300569,20.72764981813467,1.848464387590411,206.6673468798399,10.374771992317658
1000,500,0.5,100.0,registry,20,86.18734013441825,2.4160285301014133,154.36349999999976,4.490009766419891,166.13749999999987,5.140171921211915,16436.95,507.71044354956507,0.0,0.0,0.0,0.0,110.34618206322193,4.8066979687197575
1000,500,1.0,10.0,dragonfly_style,20,402.54376409179963,28.064330546232526,728.302654367835,32.35390440942833,802.558486855159,30.701538330142167,7991.25,306.33386781133424,7008.35,531.2291522559458,46.52466666377278,2.3596977435346758,126.6112633049488,6.468496579196739
1000,500,1.0,10.0,ilrsa_style,20,878.133636856831,51.032338498966034,1492.700000000001,52.44393449961797,1499.959999999999,51.8504967458093,14999.6,518.5049674580989,0.0,0.0,0.0,0.0,280.654651299119,17.733164235971337
1000,500,1.0,10.0,metapipe_reactive_style,20,380.71928172144175,21.72559500452158,722.2471987074712,24.0628109162273,786.0666544642858,28.794648642144352,7791.65,287.9245748781814,7207.95,550.3349531549485,47.82949934096226,2.4352072199255073,177.69251763820648,9.968832895880432
1000,500,1.0,10.0,peersync_style,20,379.1773530938461,27.650853713328296,635.9644784618883,25.407775998524702,674.9494224702385,28.95697998394477,6668.35,291.0583385963016,8331.25,477.00622740828396,55.433819733894126,1.9058502554701056,228.8874838501215,11.392933542742083
1000,500,1.0,10.0,registry,20,674.5198911087391,42.43138246142096,1386.705,51.6458589333804,1499.9599999999998,51.85049674580987,14999.6,518.5049674580989,0.0,0.0,0.0,0.0,110.69585606455803,5.371556286743602
1000,500,1.0,30.0,dragonfly_style,20,137.28261189405794,9.692978289533754,245.4738187260799,8.787924180390984,269.4520209523807,10.154748631288673,7946.8,313.9314415181442,7052.8,513.6829583159985,46.843503145612395,2.3189417526752156,128.51278111338615,6.417011286509741
1000,500,1.0,30.0,ilrsa_style,20,292.7112122856106,17.01077949965541,497.56666666666763,17.481311499872977,499.9866666666676,17.283498915269895,14999.6,518.5049674580989,0.0,0.0,0.0,0.0,280.5529974400997,17.693044003054617
1000,500,1.0,30.0,metapipe_reactive_style,20,129.21547708681214,7.297942948623302,256.38303547469167,9.851698356744595,273.63190842334944,10.07514597621641,7714.1,313.78199730662067,7285.5,522.6794566022149,48.38656860066117,2.4076247775964403,179.52175252139568,10.138041249026093
1000,500,1.0,30.0,peersync_style,20,129.41667585604048,10.181629017944157,224.21871677583943,8.891682374773758,235.64401134075527,10.32712699896124,6650.8,333.9938672608841,8348.8,465.06358369067976,55.58969719662169,1.9576290148477082,230.51903657615185,11.590151503660563
1000,500,1.0,30.0,registry,20,224.83996370291337,14.143794153807033,462.23500000000075,17.215286311126807,499.9866666666676,17.2834989152699,14999.6,518.5049674580989,0.0,0.0,0.0,0.0,109.14185903966427,5.28258261502063
1000,500,1.0,100.0,dragonfly_style,20,44.78197862713658,4.169052766488964,88.08939219260778,5.3385189765338215,97.35414064398,4.829803382524799,7867.65,313.48535072860955,7131.95,496.86370096319007,47.389499997896664,2.2235963786187467,129.75387685000896,6.253487420024948
1000,500,1.0,100.0,ilrsa_style,20,87.93501493158348,5.117179806257422,150.82616666666684,5.760458444364525,151.965041666667,5.654808808310173,14999.6,518.5049674580989,0.0,0.0,0.0,0.0,280.6582298129797,17.810695954805528
1000,500,1.0,100.0,metapipe_reactive_style,20,40.5329939165913,2.4824341302722646,89.07171290494993,4.368742358184362,100.73352280970667,4.662988510798978,7784.55,285.04884133909286,7215.05,489.4079185661958,47.930796194761086,2.142233906048642,182.83342719078064,10.760335910156192
1000,500,1.0,100.0,peersync_style,20,42.850442063161594,4.322762481704766,84.2131810550997,5.71340541982397,92.99436694686796,5.591141462128327,6720.45,320.74037501071166,8279.15,436.1696733093458,55.13791577464085,1.7899323560628297,228.84698025882244,10.900199158128697
1000,500,1.0,100.0,registry,20,67.47398496262349,4.245859855415457,138.6704999999997,5.164585893338049,151.96504166666642,5.6548088083101335,14999.6,518.5049674580989,0.0,0.0,0.0,0.0,109.18612107634544,5.280103788343477
1000,500,2.0,10.0,dragonfly_style,20,47.17178730636638,7.6469075261717006,216.23640092220575,20.68758943370317,265.92525000000006,26.36730550888759,2609.35,259.477060708299,4756.55,585.8237452331109,64.0385963175303,3.497315181147653,86.75281554460526,6.805772741670831
1000,500,2.0,10.0,ilrsa_style,20,167.10683655845008,22.760608428299633,691.97,72.01175674493129,736.5900000000008,64.58206303161414,7365.9,645.8206303161406,0.0,0.0,0.0,0.0,145.11375464498997,16.824826409957318
1000,500,2.0,10.0,metapipe_reactive_style,20,45.08487649757373,7.138638987944102,221.85655373233865,25.063646379495967,260.53131812793947,26.22696302089251,2540.9,261.97845180781866,4825.0,645.1234377438329,64.73958683387008,4.043820501573204,112.09882758557796,10.180562989684162
1000,500,2.0,10.0,peersync_style,20,42.01112931476065,7.091986307881612,188.52137763723556,21.11263706811466,213.9529500000001,20.279297111921547,2068.0,211.16214223336578,5297.9,707.163750293367,70.90039679152437,3.9015784511462615,154.74094115197659,13.471945128764485
1000,500,2.0,10.0,registry,20,123.77073828010936,17.935282889088704,616.405,64.74723310936157,736.59,64.58206303161404,7365.9,645.8206303161406,0.0,0.0,0.0,0.0,78.21838743984699,6.0491719699006135
1000,500,2.0,30.0,dragonfly_style,20,16.19291447221248,2.4724380849389966,73.05163797435334,6.89872353411305,92.51455184358466,8.007324304659464,2563.8,244.3213609820648,4802.1,599.3362555054993,64.57502222186295,3.510538824106871,87.91040554642677,6.922730652242328
1000,500,2.0,30.0,ilrsa_style,20,55.70227885281666,7.586869476099874,230.65666666666635,24.00391891497708,245.52999999999992,21.527354343871526,7365.9,645.8206303161406,0.0,0.0,0.0,0.0,144.95264738798141,16.937111304592246
1000,500,2.0,30.0,metapipe_reactive_style,20,15.434028909467896,2.351746705955115,75.34615743403995,7.791057990840775,91.19182319827468,8.785638677210176,2482.3,265.7534471116919,4883.6,667.0533629963222,65.45202455517597,4.216011348510639,113.29155713319778,10.37470080976234
1000,500,2.0,30.0,peersync_style,20,14.732769461518775,2.289515145242947,64.85226419093918,6.394213933305432,78.10259306792331,6.604989801109557,2068.0,211.16214223336578,5297.9,707.163750293367,70.90039679152437,3.9015784511462615,154.28072549402714,12.91841570661247
1000,500,2.0,30.0,registry,20,41.25691276003642,5.978427629696223,205.4683333333331,21.582411036453802,245.52999999999977,21.527354343871338,7365.9,645.8206303161406,0.0,0.0,0.0,0.0,76.60917453467846,6.042487894352866
1000,500,2.0,100.0,dragonfly_style,20,5.84792529587255,0.8295524833625114,27.33004466521989,3.3519021998101137,39.3738417756283,4.014319656382483,2613.15,287.68572715434385,4752.75,602.9185817632202,63.953256370694696,3.8553574304525555,89.13249932229519,7.02261912601501
1000,500,2.0,100.0,ilrsa_style,20,16.814863204389432,2.2755473829399544,69.58004166666666,7.337597566115825,76.08075000000002,6.62797626637122,7365.9,645.8206303161406,0.0,0.0,0.0,0.0,145.07407434284687,16.828884065305854
1000,500,2.0,100.0,metapipe_reactive_style,20,5.329736650720336,0.7129764654873775,26.813953845163446,2.8112769376264226,39.869874549624775,3.6402118155248955,2666.75,270.5361872685026,4699.15,626.3139313263482,63.05371083708276,4.075224352460762,114.82593566179276,10.249279524453652
1000,500,2.0,100.0,peersync_style,20,5.63430829047711,0.816673910535601,25.952362639153417,3.420627219667054,37.38041276232471,3.980193451156037,2068.0,211.16214223336578,5297.9,707.163750293367,70.90039679152437,3.9015784511462615,154.41956892609596,13.669317153418422
1000,500,2.0,100.0,registry,20,12.41968464539872,1.7966520818485736,61.64050000000001,6.474723310936181,76.08075000000002,6.627976266371249,7365.9,645.8206303161406,0.0,0.0,0.0,0.0,76.60087160766125,5.998847124082631
