case,base_requests,target_requests,cache_scale,wan_mb_s,policy,num_seeds,mean_ready_s_mean,mean_ready_s_ci95,p95_ready_s_mean,p95_ready_s_ci95,makespan_s_mean,makespan_s_ci95,registry_mb_mean,registry_mb_ci95,peer_mb_mean,peer_mb_ci95,evicted_mb_mean,evicted_mb_ci95,refused_cache_mb_mean,refused_cache_mb_ci95
drtp_img88_cacheonly_1024mb_1000,1000,500,0.5,10.0,c_lru,5,606.6456112186947,38.704743388748035,1184.1,151.7073205817045,1272.8,129.48967342499574,12728.0,1294.8967342499554,3251.4,624.9377170548757,10265.0,578.4100938925599,6006.4,1380.144062661054
drtp_img88_cacheonly_1024mb_1000,1000,500,0.5,10.0,cloud_fifo,5,867.991055914039,30.917583837813122,1508.3399999999997,98.75573082952337,1597.9399999999991,98.34841854399824,15979.4,983.4841854399895,0.0,0.0,10118.2,758.4468912744253,6006.4,1380.144062661054
drtp_img88_cacheonly_1024mb_1000,1000,500,0.5,10.0,cloud_sjf,5,828.5220163297225,15.684208517980945,1511.62,97.87222540062298,1597.94,98.34841854399876,15979.4,983.4841854399895,0.0,0.0,10160.2,593.8268251783849,6006.4,1380.144062661054
drtp_img88_cacheonly_1024mb_1000,1000,500,0.5,10.0,d_lease,5,541.5412862946393,37.02238417242509,1171.7200000000003,132.60549569778155,1260.42,129.89741400661666,12604.2,1298.9741400661676,3375.2,705.8901315285829,9741.8,556.9526372658989,6362.0,1373.9657691223606
drtp_img88_cacheonly_1024mb_1000,1000,500,0.5,10.0,l_lease,5,541.2252659672902,38.73067906281958,1173.68,135.73783897748757,1262.38,130.5527270939002,12623.8,1305.5272709390024,3355.6,737.4618379643518,9715.2,553.7395687973182,6362.0,1373.9657691223606
drtp_img88_cacheonly_1024mb_1000,1000,500,0.5,10.0,l_lru,5,572.0181217986931,30.04186659604186,1259.5200000000002,95.29654221222523,1348.2200000000003,124.88212961966326,13482.2,1248.8212961966335,2497.2,472.2769892110349,10067.2,533.7277105677014,6032.0,1312.2122930367632
drtp_img88_cacheonly_1024mb_1000,1000,500,0.5,10.0,p2p_sjf,5,678.2966083584597,18.06796868949356,1295.0264650693953,93.79454297318375,1347.32,136.09718739656012,13473.2,1360.9718739656007,2506.2,447.77181176916434,10173.2,590.7595418759141,6006.4,1380.144062661054
drtp_img88_cacheonly_1024mb_1000,1000,500,0.5,30.0,c_lru,5,202.22685528251634,12.84771801141532,394.44,51.03949771704088,424.00666666666666,43.61771835602589,12720.2,1308.5315506807774,3259.2,637.9870093252996,10179.6,684.650525286704,6080.6,1491.9324234828332
drtp_img88_cacheonly_1024mb_1000,1000,500,0.5,30.0,cloud_fifo,5,289.3303519713468,10.305861279271234,502.78000000000077,32.91857694317498,532.6466666666676,32.78280618133312,15979.4,983.4841854399895,0.0,0.0,10118.2,758.4468912744253,6006.4,1380.144062661054
drtp_img88_cacheonly_1024mb_1000,1000,500,0.5,30.0,cloud_sjf,5,276.17400544324084,5.228069505993998,503.87333333333333,32.62407513354099,532.6466666666668,32.78280618133295,15979.4,983.4841854399895,0.0,0.0,10160.2,593.8268251783849,6006.4,1380.144062661054
drtp_img88_cacheonly_1024mb_1000,1000,500,0.5,30.0,d_lease,5,180.41577286975556,12.209740196289252,390.5733333333334,44.20183189926054,420.14000000000004,43.29913800220559,12604.2,1298.9741400661676,3375.2,705.8901315285829,9741.8,556.9526372658989,6362.0,1373.9657691223606
drtp_img88_cacheonly_1024mb_1000,1000,500,0.5,30.0,l_lease,5,180.34386991724244,12.676910811836713,391.2266666666667,45.24594632582918,420.79333333333335,43.51757569796672,12623.8,1305.5272709390024,3355.6,737.4618379643518,9716.6,550.3370815921456,6362.0,1373.9657691223606
drtp_img88_cacheonly_1024mb_1000,1000,500,0.5,30.0,l_lru,5,191.0025960065628,9.57126174250129,421.2200000000001,32.63789319425027,450.78666666666675,41.306641618189126,13523.6,1239.1992485456726,2455.8,431.25175635658564,10116.0,548.002368835756,6032.0,1312.2122930367632
drtp_img88_cacheonly_1024mb_1000,1000,500,0.5,30.0,p2p_sjf,5,225.94178912495062,5.777344489342296,430.4984654720964,31.302803693712193,449.1666666666667,45.409482961220064,13475.0,1362.2844888366012,2504.4,448.9613394235187,10174.0,590.6510014795539,6006.4,1380.144062661054
drtp_img88_cacheonly_1024mb_1000,1000,500,0.5,100.0,c_lru,5,61.98180465680113,3.427490788441178,129.69624269639422,17.993813836944152,142.26207602972755,16.805461798277726,12724.8,1359.6867836653555,3254.6,584.4423500077315,10239.0,491.79642951448926,6006.4,1380.144062661054
drtp_img88_cacheonly_1024mb_1000,1000,500,0.5,100.0,cloud_fifo,5,86.85120203379584,3.0895561755932124,150.84999999999974,9.8780323673413,163.01799999999992,10.785167321580367,15979.4,983.4841854399895,0.0,0.0,10118.2,758.4468912744253,6006.4,1380.144062661054
drtp_img88_cacheonly_1024mb_1000,1000,500,0.5,100.0,cloud_sjf,5,82.907369533007,1.6164330906406388,151.16199999999998,9.787222540062295,163.01799999999997,10.785167321580209,15979.4,983.4841854399895,0.0,0.0,10160.2,593.8268251783849,6006.4,1380.144062661054
drtp_img88_cacheonly_1024mb_1000,1000,500,0.5,100.0,d_lease,5,54.91649476332863,3.8438873859324896,128.80065215109548,18.140945722021232,141.3664854844288,16.433451588652503,12570.2,1251.9345747470352,3409.2,652.8130984793733,9733.4,534.0829214743343,6362.0,1373.9657691223606
drtp_img88_cacheonly_1024mb_1000,1000,500,0.5,100.0,l_lease,5,54.892599950254166,3.973536423484862,128.94665215109546,18.42504590078678,141.5124854844288,16.382725225143073,12589.8,1259.7521644732506,3389.6,688.6956686764916,9706.0,533.5613542347309,6362.0,1373.9657691223606
drtp_img88_cacheonly_1024mb_1000,1000,500,0.5,100.0,l_lru,5,58.30401548631164,3.451155494175312,137.68429870827234,14.937580499704257,150.25013204160567,17.24440437148491,13513.2,1328.099268671977,2466.2,480.0228184216246,9988.8,770.8449664583923,6128.6,1346.735022573691
drtp_img88_cacheonly_1024mb_1000,1000,500,0.5,100.0,p2p_sjf,5,66.80906885833345,1.5503000538239509,126.87511444597891,10.663894126601736,134.54914785936614,13.648882596020982,13301.2,1378.5766370504905,2678.2,499.151046250972,10086.0,374.3135177382724,6085.2,1172.2306811520673
drtp_img88_cacheonly_1024mb_1000,1000,500,1.0,10.0,c_lru,5,416.3045090267896,30.91618580031984,715.5262069809775,75.08049269071165,719.4534693751574,68.85918245831493,6915.8,682.0437101000492,9138.0,1277.4948714592945,14769.0,971.2957820874134,30.2,83.83519999999999
drtp_img88_cacheonly_1024mb_1000,1000,500,1.0,10.0,cloud_fifo,5,718.6406139117285,99.25935808437968,1482.0199999999998,89.94670098358672,1605.3799999999999,118.60319574827216,16053.8,1186.0319574826976,0.0,0.0,15764.8,939.026634474997,0.0,0.0
drtp_img88_cacheonly_1024mb_1000,1000,500,1.0,10.0,cloud_sjf,5,738.7252776736763,56.38939152539069,1520.64,120.95903888702838,1605.38,118.60319574827002,16053.8,1186.0319574826976,0.0,0.0,14797.0,939.9402364082514,0.0,0.0
drtp_img88_cacheonly_1024mb_1000,1000,500,1.0,10.0,d_lease,5,367.62831192741146,31.1744584836407,654.1758316550926,57.837861625376384,658.6275620618386,56.47138056489346,6320.4,599.0525671352723,9733.4,1199.955533771881,14727.0,1411.6630100122336,250.2,457.70962097189954
drtp_img88_cacheonly_1024mb_1000,1000,500,1.0,10.0,l_lease,5,368.44379331874705,31.20207481577304,652.9083348930775,58.78512009738936,660.3131082837301,55.780032774594815,6320.4,599.0525671352723,9733.4,1199.955533771881,14457.6,737.228775214424,427.6,530.0907018442787
drtp_img88_cacheonly_1024mb_1000,1000,500,1.0,10.0,l_lru,5,392.11797852337986,29.754290926580868,728.8406228808423,61.80715883374853,788.5578452380952,57.27864328279611,7822.6,522.5281546230403,8231.2,1169.5619099039775,15183.4,1156.845701109426,27.8,77.1728
drtp_img88_cacheonly_1024mb_1000,1000,500,1.0,10.0,p2p_sjf,5,505.6480299063691,31.718714916255735,1046.6592703621975,160.83904649278892,1073.98,183.75848111877286,10739.8,1837.584811187728,5314.0,1420.6913308870435,14819.8,945.7512188311679,0.0,0.0
drtp_img88_cacheonly_1024mb_1000,1000,500,1.0,30.0,c_lru,5,141.75588927625992,8.74886737343464,257.84994893439296,20.661065014835614,265.7297539740729,17.540130504299547,6917.2,715.1540660936214,9136.6,1288.7271975425053,14875.0,1066.3811687189527,30.2,83.83519999999999
drtp_img88_cacheonly_1024mb_1000,1000,500,1.0,30.0,cloud_fifo,5,239.54687130390988,33.08645269479336,494.00666666666746,29.98223366119467,535.1266666666673,39.534398582756324,16053.8,1186.0319574826976,0.0,0.0,15764.8,939.026634474997,0.0,0.0
drtp_img88_cacheonly_1024mb_1000,1000,500,1.0,30.0,cloud_sjf,5,246.2417592245588,18.796463841796847,506.87999999999994,40.31967962900944,535.1266666666667,39.53439858275665,16053.8,1186.0319574826976,0.0,0.0,14797.0,939.9402364082514,0.0,0.0
drtp_img88_cacheonly_1024mb_1000,1000,500,1.0,30.0,d_lease,5,126.49994584439578,10.992496890377392,240.66103150566795,21.362540954653642,249.62131104076593,18.905351026543517,6364.0,614.8022184891657,9689.8,1108.2963671526852,14895.0,729.1744093809107,140.6,182.06116165113303
drtp_img88_cacheonly_1024mb_1000,1000,500,1.0,30.0,l_lease,5,126.74792065771483,11.071914080954931,246.82077235449736,25.701047493861804,254.66217874779542,25.120135680593318,6497.8,787.1247038322707,9556.0,872.9034779868847,14769.0,474.7122336405498,250.2,457.70962097189954
drtp_img88_cacheonly_1024mb_1000,1000,500,1.0,30.0,l_lru,5,134.30104384141092,11.805388041733364,269.3213811463845,41.50454960553168,281.8510387169312,35.215554650591855,7774.8,759.4561703433847,8279.0,719.4806145902751,14965.0,728.5733505178459,205.2,479.03288542879807
drtp_img88_cacheonly_1024mb_1000,1000,500,1.0,30.0,p2p_sjf,5,168.38767248230698,9.672971190773628,347.70824777277,56.25259856163622,357.1470166666667,63.34840996922368,10714.4,1900.4366242034378,5339.4,1490.2406258091876,14827.4,935.9376114332408,0.0,0.0
drtp_img88_cacheonly_1024mb_1000,1000,500,1.0,100.0,c_lru,5,44.921463665487146,2.7030365418735784,95.8854862227774,12.056026612650426,101.79881955611074,10.058400662057318,6867.2,757.7317651521809,9186.6,1299.6461788370555,14594.4,1206.4496,207.6,576.2975999999999
drtp_img88_cacheonly_1024mb_1000,1000,500,1.0,100.0,cloud_fifo,5,71.90882019856097,9.951896842742544,148.20199999999969,8.994670098358181,164.16599999999977,14.492913925700986,16053.8,1186.0319574826976,0.0,0.0,15764.8,939.026634474997,0.0,0.0
drtp_img88_cacheonly_1024mb_1000,1000,500,1.0,100.0,cloud_sjf,5,73.91318701879142,5.652649469695389,152.06399999999996,12.095903888702843,164.166,14.492913925701243,16053.8,1186.0319574826976,0.0,0.0,14797.0,939.9402364082514,0.0,0.0
drtp_img88_cacheonly_1024mb_1000,1000,500,1.0,100.0,d_lease,5,40.4909714728788,3.927173825049515,87.40508251831797,15.74506121073665,101.44924918498464,13.29120707393478,6800.2,899.1461000308235,9253.6,1044.9494554831635,14303.8,1154.5017887919619,579.2,607.5784468098254
drtp_img88_cacheonly_1024mb_1000,1000,500,1.0,100.0,l_lease,5,40.2602466376476,3.812933098779445,86.57943672841289,15.205126133044676,100.62360339507957,11.059886343762944,6721.4,732.1563040614756,9332.4,1111.9550672976673,14242.8,1052.1195279065205,640.2,685.6902067218402
drtp_img88_cacheonly_1024mb_1000,1000,500,1.0,100.0,l_lru,5,42.88294579462831,4.6459301431992,96.09318003410495,12.379213827450103,109.23415213264886,17.407954770927844,7951.0,774.1372622764,8102.8,716.5820167594495,14516.8,815.7465764340295,427.6,659.3877157649813
drtp_img88_cacheonly_1024mb_1000,1000,500,1.0,100.0,p2p_sjf,5,50.97596898442317,3.474490438338368,104.57188244494822,15.992203639625775,109.19278645667626,14.66334077821302,10594.4,1774.7154064408635,5459.4,1445.6827522908889,14411.6,1420.7454638078418,354.8,603.1407987531933
drtp_img88_cacheonly_1024mb_1000,1000,500,2.0,10.0,c_lru,5,39.09283431314591,19.67812500641742,214.63113625661376,78.0998891180688,229.234041005291,78.77428939968715,2252.2,738.5763852887796,4294.6,892.3121995764486,6416.0,1080.79915703298,0.0,0.0
drtp_img88_cacheonly_1024mb_1000,1000,500,2.0,10.0,cloud_fifo,5,90.61261660408921,28.06019300408582,521.7199999999998,121.99692224933528,654.6799999999997,100.15380973158433,6546.8,1001.5380973158433,0.0,0.0,6321.4,1038.2947336332588,0.0,0.0
drtp_img88_cacheonly_1024mb_1000,1000,500,2.0,10.0,cloud_sjf,5,92.18621065515583,31.29724403386024,488.18000000000006,167.50967805537206,654.6800000000001,100.15380973158439,6546.8,1001.5380973158433,0.0,0.0,6319.0,1037.5561349216725,0.0,0.0
drtp_img88_cacheonly_1024mb_1000,1000,500,2.0,10.0,d_lease,5,36.300074208480055,19.143262150793138,197.07825654761908,72.60586580093394,208.25279761904758,75.99714677095169,2016.4,706.9745537865983,4530.4,990.2379947544731,6228.0,1308.4548713287743,0.0,0.0
drtp_img88_cacheonly_1024mb_1000,1000,500,2.0,10.0,l_lease,5,36.300074208480055,19.143262150793138,197.07825654761908,72.60586580093394,208.25279761904758,75.99714677095169,2016.4,706.9745537865983,4530.4,990.2379947544731,6228.0,1308.4548713287743,0.0,0.0
drtp_img88_cacheonly_1024mb_1000,1000,500,2.0,10.0,l_lru,5,39.52740208379188,22.16433973160187,214.47410952380955,85.79266198503558,237.16029761904758,86.1027197962709,2315.4,818.742410845902,4231.4,995.8338883983412,6428.6,1216.4166560317067,0.0,0.0
drtp_img88_cacheonly_1024mb_1000,1000,500,2.0,10.0,p2p_sjf,5,43.73463440275164,25.480365772503873,241.6773480767196,108.87292060800618,288.16083333333336,124.26521878829459,2793.0,1252.3074142283112,3753.8,1394.7424618739615,6421.6,1043.966684922541,0.0,0.0
drtp_img88_cacheonly_1024mb_1000,1000,500,2.0,30.0,c_lru,5,13.14931771438934,6.313873203619007,71.80896447281305,25.299189152953186,84.6166334493424,30.01147307366112,2252.0,738.7420558327512,4294.8,891.9186480592498,6409.0,1085.6562997427868,0.0,0.0
drtp_img88_cacheonly_1024mb_1000,1000,500,2.0,30.0,cloud_fifo,5,30.204205534696428,9.353397668028599,173.90666666666667,40.66564074977838,218.2266666666666,33.3846032438614,6546.8,1001.5380973158433,0.0,0.0,6321.4,1038.2947336332588,0.0,0.0
drtp_img88_cacheonly_1024mb_1000,1000,500,2.0,30.0,cloud_sjf,5,30.728736885051948,10.43241467795342,162.7266666666667,55.8365593517907,218.2266666666667,33.38460324386146,6546.8,1001.5380973158433,0.0,0.0,6319.0,1037.5561349216725,0.0,0.0
drtp_img88_cacheonly_1024mb_1000,1000,500,2.0,30.0,d_lease,5,12.58182729176541,6.358793037701347,66.84026928571429,23.207248136428102,80.2800934920635,26.59634972263094,2016.4,706.9745537865983,4530.4,990.2379947544731,6240.8,1308.3062702070333,0.0,0.0
drtp_img88_cacheonly_1024mb_1000,1000,500,2.0,30.0,l_lease,5,12.58182729176541,6.358793037701347,66.84026928571429,23.207248136428102,80.2800934920635,26.59634972263094,2016.4,706.9745537865983,4530.4,990.2379947544731,6240.8,1308.3062702070333,0.0,0.0
drtp_img88_cacheonly_1024mb_1000,1000,500,2.0,30.0,l_lru,5,13.265234020587162,7.211363328746877,72.33460417989417,26.24950082270129,84.7690966931217,30.958640781833758,2246.0,789.6366035082212,4300.8,1068.3515976055073,6464.6,1202.0674934006659,0.0,0.0
drtp_img88_cacheonly_1024mb_1000,1000,500,2.0,30.0,p2p_sjf,5,14.714663921132983,8.647306797098006,80.6405243940153,35.195849139782084,100.1422583473016,43.74117602415689,2732.6,1314.983786763989,3814.2,1457.9594284782547,6421.0,1073.664430153109,0.0,0.0
drtp_img88_cacheonly_1024mb_1000,1000,500,2.0,100.0,c_lru,5,4.461384229103219,1.8778636393259656,22.6356524748258,6.154497589853097,39.278346421675174,9.823713095669156,2317.4,663.0693189241679,4229.4,951.1787283051276,6461.8,1034.3475834193453,0.0,0.0
drtp_img88_cacheonly_1024mb_1000,1000,500,2.0,100.0,cloud_fifo,5,9.105193341758692,2.8464177847477363,52.172,12.19969222493352,67.883,11.678994707108291,6546.8,1001.5380973158433,0.0,0.0,6321.4,1038.2947336332588,0.0,0.0
drtp_img88_cacheonly_1024mb_1000,1000,500,2.0,100.0,cloud_sjf,5,9.247292854942197,3.1411400467828314,48.818000000000005,16.75096780553722,67.88300000000001,11.678994707108325,6546.8,1001.5380973158433,0.0,0.0,6319.0,1037.5561349216725,0.0,0.0
drtp_img88_cacheonly_1024mb_1000,1000,500,2.0,100.0,d_lease,5,4.352424531634002,1.9325541845888876,22.9580679330776,6.402124200203115,39.280381476715164,9.836966737132324,2168.0,712.2877376206892,4378.8,896.6649308618241,6269.8,1306.938736277045,0.0,0.0
drtp_img88_cacheonly_1024mb_1000,1000,500,2.0,100.0,l_lease,5,4.352424531634002,1.9325541845888876,22.9580679330776,6.402124200203115,39.280381476715164,9.836966737132324,2168.0,712.2877376206892,4378.8,896.6649308618241,6269.8,1306.938736277045,0.0,0.0
drtp_img88_cacheonly_1024mb_1000,1000,500,2.0,100.0,l_lru,5,4.5130271565600255,2.0433512176220425,24.30535577816402,7.494294798361026,39.94101158898871,8.508033681711634,2511.0,951.6899709665956,4035.8,1096.570739889333,6408.8,908.7147699280781,0.0,0.0
drtp_img88_cacheonly_1024mb_1000,1000,500,2.0,100.0,p2p_sjf,5,4.82715263682213,2.474112408050546,25.033949865479258,9.252840111595024,39.46925665613114,11.386080298733857,2826.4,1185.7152297806417,3720.4,1307.839742670393,6462.4,1034.4769121426345,0.0,0.0
drtp_img88_cacheonly_1024mb_200,200,100,0.5,10.0,c_lru,5,659.4032638581208,54.0013217881187,1262.26,174.90515307627066,1315.48,133.1554171526433,13154.8,1331.5541715264305,4043.0,605.3844383596261,10546.0,1122.4803284925752,6941.2,825.6322432835577
drtp_img88_cacheonly_1024mb_200,200,100,0.5,10.0,cloud_fifo,5,970.6227088595866,49.81066995182522,1655.0399999999981,175.3375659964558,1719.7799999999977,161.76691677528578,17197.8,1617.669167752863,0.0,0.0,10436.6,1177.7736086576908,6893.4,955.5851698686832
drtp_img88_cacheonly_1024mb_200,200,100,0.5,10.0,cloud_sjf,5,1016.0773347281283,73.76671604557895,1649.2600000000002,184.9707272976395,1719.7800000000002,161.76691677528666,17197.8,1617.669167752863,0.0,0.0,10609.6,1189.2183120619022,6893.4,955.5851698686832
drtp_img88_cacheonly_1024mb_200,200,100,0.5,10.0,d_lease,5,639.8376085091334,56.85767514952451,1266.1,178.08512757559512,1319.32,136.70204481925788,13193.2,1367.020448192579,4004.6,1135.6953579925207,10251.2,956.5402377639111,7396.8,974.6695316271253
drtp_img88_cacheonly_1024mb_200,200,100,0.5,10.0,l_lease,5,640.3880188328782,57.46989505743766,1267.6599999999999,180.64408287740181,1320.8799999999999,138.87233481556515,13208.8,1388.72334815565,3989.0,1128.522360378916,10303.6,968.8588385713161,7356.8,898.2890651779302
drtp_img88_cacheonly_1024mb_200,200,100,0.5,10.0,l_lru,5,671.2937024465285,65.92721864628008,1330.5400000000002,178.6321941369181,1383.7600000000002,136.41046505388653,13837.6,1364.1046505388654,3360.2,827.6807751189101,10835.8,1240.581759165852,6893.4,955.5851698686832
drtp_img88_cacheonly_1024mb_200,200,100,0.5,10.0,p2p_sjf,5,819.2977656903009,38.19022867615275,1413.2423889567624,121.63849298330389,1456.02,88.85292163627693,14560.2,888.529216362771,2637.6,843.6421570098071,10594.6,1200.6235622606112,6893.4,955.5851698686832
drtp_img88_cacheonly_1024mb_200,200,100,0.5,30.0,c_lru,5,222.02475278300813,17.633540369755043,423.78,58.78332199157778,441.52,45.806949755523625,13245.6,1374.208492665709,3952.2,693.1552487556015,10545.8,1126.8773235708666,6941.2,825.6322432835577
drtp_img88_cacheonly_1024mb_200,200,100,0.5,30.0,cloud_fifo,5,323.54090295319594,16.603556650608553,551.68,58.445855332152185,573.26,53.9223055917622,17197.8,1617.669167752863,0.0,0.0,10436.6,1177.7736086576908,6893.4,955.5851698686832
drtp_img88_cacheonly_1024mb_200,200,100,0.5,30.0,cloud_sjf,5,338.69244490937615,24.588905348526566,549.7533333333333,61.65690909921308,573.26,53.92230559176209,17197.8,1617.669167752863,0.0,0.0,10609.6,1189.2183120619022,6893.4,955.5851698686832
drtp_img88_cacheonly_1024mb_200,200,100,0.5,30.0,d_lease,5,211.32433346805212,18.99272678437874,422.03991666666667,73.75421961841691,439.7799166666667,45.55044260935506,13193.2,1367.020448192579,4004.6,1135.6953579925207,10345.4,755.7863800006983,7213.4,929.064453811984
drtp_img88_cacheonly_1024mb_200,200,100,0.5,30.0,l_lease,5,212.98457205967676,17.05389906095105,431.0999166666667,52.21793556098693,442.9265833333333,39.682717148576025,13287.6,1190.9679304052481,3910.2,1150.7155883997748,10285.6,735.5140740522643,7292.2,1045.2067266698198
drtp_img88_cacheonly_1024mb_200,200,100,0.5,30.0,l_lru,5,222.39743899722836,20.938426022513827,451.03325,63.418618357912,462.85991666666666,47.810891176817066,13885.6,1434.8498185505546,3312.2,801.3578783224383,10805.6,1220.0918234228766,6893.4,955.5851698686832
drtp_img88_cacheonly_1024mb_200,200,100,0.5,30.0,p2p_sjf,5,272.94502488609004,12.37501279505264,471.1357334315701,40.37445689991997,484.8666666666667,28.603832995426046,14546.0,858.1149898627805,2651.8,839.3975874450913,10508.6,1017.3218528364364,6972.2,993.7763624014408
drtp_img88_cacheonly_1024mb_200,200,100,0.5,100.0,c_lru,5,69.38538884599608,6.012356290669067,143.49633039727038,23.447142226375725,150.88799706393704,18.9770333887112,13206.6,1472.7941312243743,3991.2,818.8651368741009,10423.0,1317.280008781732,7020.0,918.1579608376763
drtp_img88_cacheonly_1024mb_200,200,100,0.5,100.0,cloud_fifo,5,97.10457390271783,4.939880675894606,165.50399999999976,17.53375659964568,174.45499999999984,13.621436585706347,17197.8,1617.669167752863,0.0,0.0,10436.6,1177.7736086576908,6893.4,955.5851698686832
drtp_img88_cacheonly_1024mb_200,200,100,0.5,100.0,cloud_sjf,5,101.65212312921736,7.331106724939916,164.926,18.497072729763897,174.45499999999998,13.621436585706252,17197.8,1617.669167752863,0.0,0.0,10609.6,1189.2183120619022,6893.4,955.5851698686832
drtp_img88_cacheonly_1024mb_200,200,100,0.5,100.0,d_lease,5,65.7212867511623,5.971977843067325,143.45397038617392,30.72363527236323,150.8456370528406,17.894801420195527,13258.8,1351.6949187519497,3939.0,1039.1688203575009,10275.6,812.0203814915977,7213.4,929.064453811984
drtp_img88_cacheonly_1024mb_200,200,100,0.5,100.0,l_lease,5,65.96306944507367,5.806748228742388,144.21282392525862,29.146818244897016,151.60449059192527,16.300021410231004,13353.2,1165.6101043394567,3844.6,1046.9586013329083,10250.6,766.9553980685969,7292.2,1045.2067266698198
drtp_img88_cacheonly_1024mb_200,200,100,0.5,100.0,l_lru,5,69.33180962466601,5.960491778632031,152.99184829192055,22.73109003579444,157.42684829192055,17.181055846798852,13935.0,1269.2317050814636,3262.8,710.8069289728681,10810.0,1217.8710960412845,6933.8,845.6948114778994
drtp_img88_cacheonly_1024mb_200,200,100,0.5,100.0,p2p_sjf,5,81.74159038046429,4.252612064470024,141.03093576800353,12.115966861727891,148.05775357330091,6.796405343312562,14541.6,879.0157426372748,2656.2,761.8708609546895,10416.8,1616.9303791816887,7051.0,1166.4314649583146
drtp_img88_cacheonly_1024mb_200,200,100,1.0,10.0,c_lru,5,437.0436423281161,35.206300357577376,682.6178385582011,53.64521449958566,683.6700844246033,53.6918955481026,6433.4,513.6084651726059,9654.0,2217.9109072544816,14360.6,1723.6659029691805,243.0,320.042823574596
drtp_img88_cacheonly_1024mb_200,200,100,1.0,10.0,cloud_fifo,5,852.1893606658329,75.56289373704162,1534.2599999999966,147.00099818184026,1608.7399999999957,172.51770436356276,16087.4,1725.1770436356262,0.0,0.0,15599.2,2464.2834226614114,0.0,0.0
drtp_img88_cacheonly_1024mb_200,200,100,1.0,10.0,cloud_sjf,5,839.25232742248,51.357548947955834,1524.78,150.36189073194848,1608.74,172.5177043635626,16087.4,1725.1770436356262,0.0,0.0,14493.6,1918.463172613579,0.0,0.0
drtp_img88_cacheonly_1024mb_200,200,100,1.0,10.0,d_lease,5,397.824024365316,34.082662300570114,623.0653950462963,61.04516968202971,629.2048356382276,54.55276406079099,6016.2,652.804244994041,10071.2,2270.368091827367,14261.8,2421.832643678716,628.6,501.53923702394405
drtp_img88_cacheonly_1024mb_200,200,100,1.0,10.0,l_lease,5,403.01968624500967,27.524264470225262,632.376136117725,58.253476873509975,639.3963442361112,51.115907892956045,6126.8,680.6089667612672,9960.6,2349.730208174751,14372.4,2368.4916919678985,580.8,547.2336059306299
drtp_img88_cacheonly_1024mb_200,200,100,1.0,10.0,l_lru,5,418.6025370211022,28.15596134240782,667.797579460979,60.301987621831714,692.0443500297621,49.55223825765067,6851.8,576.4024259191142,9235.6,2209.089904917624,14715.0,2396.6306252143236,274.8,259.5959297628528
drtp_img88_cacheonly_1024mb_200,200,100,1.0,10.0,p2p_sjf,5,634.9561834854698,45.320662473418295,1199.5281015038054,121.68144932780412,1234.86,108.69036548946532,12348.6,1086.9036548946551,3738.8,1823.2393946223956,14506.2,1908.0670765997297,0.0,0.0
drtp_img88_cacheonly_1024mb_200,200,100,1.0,30.0,c_lru,5,151.19325086815,12.008109548467226,249.27223983668154,14.933673588399092,255.02330638938489,18.200459391597324,6456.8,462.12971727410047,9630.6,2154.9166640100398,14331.4,1648.6323949347104,243.0,320.042823574596
drtp_img88_cacheonly_1024mb_200,200,100,1.0,30.0,cloud_fifo,5,284.0631202219447,25.18763124568054,511.41999999999985,49.000332727280046,536.2466666666667,57.505901454520796,16087.4,1725.1770436356262,0.0,0.0,15599.2,2464.2834226614114,0.0,0.0
drtp_img88_cacheonly_1024mb_200,200,100,1.0,30.0,cloud_sjf,5,279.7507758074933,17.1191829826517,508.25999999999993,50.12063024398282,536.2466666666667,57.505901454520924,16087.4,1725.1770436356262,0.0,0.0,14493.6,1918.463172613579,0.0,0.0
drtp_img88_cacheonly_1024mb_200,200,100,1.0,30.0,d_lease,5,140.39411191682854,10.807122395762347,236.5786520623524,16.25003370957297,243.2337051993184,13.466522715020178,6016.2,652.804244994041,10071.2,2270.368091827367,14268.2,2397.5343739161362,382.8,274.5762915982368
drtp_img88_cacheonly_1024mb_200,200,100,1.0,30.0,l_lease,5,142.12176081485163,8.179346146163438,238.70340232230978,14.828659470982375,245.5852138137119,10.718808120365644,6126.8,680.6089667612672,9960.6,2349.730208174751,14192.8,2453.4116815877105,382.8,274.5762915982368
drtp_img88_cacheonly_1024mb_200,200,100,1.0,30.0,l_lru,5,146.93586222078363,7.988683794787172,246.65069263887415,12.882071489512558,249.27403632398497,10.677915009464956,6618.8,550.0652230627201,9468.6,2266.7386481500153,14099.8,1761.9308083151957,493.4,417.6478853418989
drtp_img88_cacheonly_1024mb_200,200,100,1.0,30.0,p2p_sjf,5,211.11358089385834,14.930316064812075,400.9537307280085,41.128042653179925,414.54,35.90835137125621,12436.2,1077.250541137687,3651.2,1584.4452322967302,14506.2,1908.0670765997297,0.0,0.0
drtp_img88_cacheonly_1024mb_200,200,100,1.0,100.0,c_lru,5,49.93674443382843,2.868827023753741,99.50159509620607,5.833599571467236,102.45826176287274,6.5829009626035795,6413.4,523.4704311459816,9674.0,2223.7584599296747,14428.8,2015.3338242418895,78.8,218.74879999999996
drtp_img88_cacheonly_1024mb_200,200,100,1.0,100.0,cloud_fifo,5,85.28862788997648,7.530761428188786,153.42599999999985,14.700099818184075,163.82766666666657,18.76114152555525,16087.4,1725.1770436356262,0.0,0.0,15599.2,2464.2834226614114,0.0,0.0
drtp_img88_cacheonly_1024mb_200,200,100,1.0,100.0,cloud_sjf,5,83.9747913095901,5.148351031927597,152.47799999999998,15.036189073194812,163.82766666666666,18.76114152555511,16087.4,1725.1770436356262,0.0,0.0,14493.6,1918.463172613579,0.0,0.0
drtp_img88_cacheonly_1024mb_200,200,100,1.0,100.0,d_lease,5,46.71208987843975,4.345937816156601,96.18002765145997,7.350374271391714,98.0036821416672,5.558415129526736,6033.0,651.2297204126974,10054.4,2279.1079357543726,13924.6,1983.0312039007754,352.8,212.87304897482912
drtp_img88_cacheonly_1024mb_200,200,100,1.0,100.0,l_lease,5,47.252226400966485,3.5267100051605147,96.55788985847819,7.112414373305141,98.56022079621482,5.15988881301242,6143.6,673.8070839278553,9943.8,2356.657466813673,13814.0,1700.4897771642145,463.4,396.4052184148942
drtp_img88_cacheonly_1024mb_200,200,100,1.0,100.0,l_lru,5,48.76589275441542,3.7730342246474398,99.1738326516781,7.130002176357523,101.07267144519659,5.007372211462973,6617.8,588.8676657347047,9469.6,2249.9072587057804,14145.0,2095.87466860249,352.8,212.87304897482912
drtp_img88_cacheonly_1024mb_200,200,100,1.0,100.0,p2p_sjf,5,63.194137498324714,2.6690649070251835,122.97359157836,7.554869056583399,126.43721451722648,8.960768471071145,12284.4,1087.4147256693554,3803.0,2105.6414732070602,14506.2,1908.0670765997297,0.0,0.0
drtp_img88_cacheonly_1024mb_200,200,100,2.0,10.0,c_lru,5,54.47587013297135,27.657215070527545,213.84551369754377,64.29699015387052,243.7636186974206,72.33026495535599,2390.0,688.6030131935236,5966.4,2366.7353865148843,8438.4,2703.4385816471877,0.0,0.0
drtp_img88_cacheonly_1024mb_200,200,100,2.0,10.0,cloud_fifo,5,196.74547247059039,81.20163792011222,797.7000000000002,245.45832476482016,835.6400000000002,240.68269959162737,8356.4,2406.8269959162744,0.0,0.0,8402.6,3107.781729552987,0.0,0.0
drtp_img88_cacheonly_1024mb_200,200,100,2.0,10.0,cloud_sjf,5,173.67984690779372,73.74720258337626,796.9000000000001,249.60273983201398,835.6400000000001,240.68269959162762,8356.4,2406.8269959162744,0.0,0.0,8388.2,3077.005405482258,0.0,0.0
drtp_img88_cacheonly_1024mb_200,200,100,2.0,10.0,d_lease,5,47.233809726248666,21.53002782674531,186.43085158730156,53.16667512353808,210.38205357142857,58.26658400222952,2026.0,618.1011952358609,6330.4,2315.0073477929523,8202.0,2178.1246773703288,0.0,0.0
drtp_img88_cacheonly_1024mb_200,200,100,2.0,10.0,l_lease,5,47.233809726248666,21.53002782674531,186.43085158730156,53.16667512353808,210.38205357142857,58.26658400222952,2026.0,618.1011952358609,6330.4,2315.0073477929523,8202.0,2178.1246773703288,0.0,0.0
drtp_img88_cacheonly_1024mb_200,200,100,2.0,10.0,l_lru,5,55.337627722941185,29.912597785281545,227.69870562962961,62.176601670979785,260.0450650793651,70.34835477687399,2544.6,705.3157748113676,5811.8,2250.3324114792995,8566.2,2546.797231284312,0.0,0.0
drtp_img88_cacheonly_1024mb_200,200,100,2.0,10.0,p2p_sjf,5,60.671020508329754,29.14166971691038,241.82573807571427,61.44887174065767,275.9022619047619,72.1525642367253,2671.8,711.8095977531069,5684.6,2462.1097536782877,8497.0,2728.732174327997,0.0,0.0
drtp_img88_cacheonly_1024mb_200,200,100,2.0,30.0,c_lru,5,19.224015331413046,9.16927273239517,73.17285063153635,24.955119216244203,86.72111382499551,25.055005114469164,2399.6,696.9919636628243,5956.8,2406.8292051564936,8496.2,2648.142119916195,0.0,0.0
drtp_img88_cacheonly_1024mb_200,200,100,2.0,30.0,cloud_fifo,5,65.58182415686335,27.06721264003731,265.89999999999964,81.81944158827326,278.5466666666663,80.22756653054235,8356.4,2406.8269959162744,0.0,0.0,8402.6,3107.781729552987,0.0,0.0
drtp_img88_cacheonly_1024mb_200,200,100,2.0,30.0,cloud_sjf,5,57.8932823025979,24.58240086112542,265.6333333333333,83.20091327733789,278.5466666666666,80.22756653054246,8356.4,2406.8269959162744,0.0,0.0,8388.2,3077.005405482258,0.0,0.0
drtp_img88_cacheonly_1024mb_200,200,100,2.0,30.0,d_lease,5,17.023885761672222,7.341416227093993,67.4307275778035,17.938914108042503,78.42691505731922,19.537104021322122,2026.0,618.1011952358609,6330.4,2315.0073477929523,8139.4,2245.1735744939097,0.0,0.0
drtp_img88_cacheonly_1024mb_200,200,100,2.0,30.0,l_lease,5,17.023885761672222,7.341416227093993,67.4307275778035,17.938914108042503,78.42691505731922,19.537104021322122,2026.0,618.1011952358609,6330.4,2315.0073477929523,8139.4,2245.1735744939097,0.0,0.0
drtp_img88_cacheonly_1024mb_200,200,100,2.0,30.0,l_lru,5,19.616987965668883,9.517994540352118,77.56331812522046,21.873675919773355,90.73985260141093,21.362069041804396,2434.8,602.2054546181394,5921.6,2328.0116946722064,8524.2,2645.448826013582,0.0,0.0
drtp_img88_cacheonly_1024mb_200,200,100,2.0,30.0,p2p_sjf,5,20.77335555693845,9.98299577536751,79.03121186638433,25.031442208935836,97.48378443121693,25.4912109432155,2622.6,759.2416331783708,5733.8,2514.018064326635,8649.6,2511.233122521794,0.0,0.0
drtp_img88_cacheonly_1024mb_200,200,100,2.0,100.0,c_lru,5,7.021284788731445,2.7085737915745893,29.90313997082472,7.023990575886563,39.571383031532484,7.851301405402095,2379.2,514.486048968327,5977.2,2297.730834615543,8303.8,2855.1509393292395,0.0,0.0
drtp_img88_cacheonly_1024mb_200,200,100,2.0,100.0,cloud_fifo,5,19.694468559134197,8.117819982431907,79.77000000000002,24.545832476482058,84.82816666666669,23.798122479681894,8356.4,2406.8269959162744,0.0,0.0,8402.6,3107.781729552987,0.0,0.0
drtp_img88_cacheonly_1024mb_200,200,100,2.0,100.0,cloud_sjf,5,17.392561026783824,7.354095737857353,79.69,24.960273983201393,84.82816666666666,23.79812247968189,8356.4,2406.8269959162744,0.0,0.0,8388.2,3077.005405482258,0.0,0.0
drtp_img88_cacheonly_1024mb_200,200,100,2.0,100.0,d_lease,5,6.596413111791831,2.533590653073991,28.491648469787773,5.1258728283960675,36.35688028501298,5.323487323463503,2086.6,569.580543186791,6269.8,2411.5179905970926,8038.0,2144.5448954069484,0.0,0.0
drtp_img88_cacheonly_1024mb_200,200,100,2.0,100.0,l_lease,5,6.596413111791831,2.533590653073991,28.491648469787773,5.1258728283960675,36.35688028501298,5.323487323463503,2086.6,569.580543186791,6269.8,2411.5179905970926,8038.0,2144.5448954069484,0.0,0.0
drtp_img88_cacheonly_1024mb_200,200,100,2.0,100.0,l_lru,5,6.984292263206606,2.671322906724205,29.57493198985349,5.824271602440365,38.01517539017845,5.286263338501648,2342.2,723.067486189664,6014.2,2464.1222129712314,8321.8,2540.159137665008,0.0,0.0
drtp_img88_cacheonly_1024mb_200,200,100,2.0,100.0,p2p_sjf,5,7.392235204584109,2.8410860323762366,31.44699378781847,7.063171180675774,38.892154490474965,7.534453079779327,3130.4,902.6302201310125,5226.0,1920.137949455924,8558.2,2677.220138555782,0.0,0.0
drtp_img88_cacheonly_1024mb_500,500,250,0.5,10.0,c_lru,5,616.9690013762774,26.627728662957324,1145.52,64.45280189886537,1216.48,77.81001727123808,12164.8,778.1001727123828,3711.4,1027.6111595389377,10887.0,1250.0685860300623,5209.2,864.6936550694933
drtp_img88_cacheonly_1024mb_500,500,250,0.5,10.0,cloud_fifo,5,845.987913360882,31.28941678536731,1473.9599999999991,42.92189762023024,1587.619999999999,91.82508675662758,15876.2,918.2508675662876,0.0,0.0,10672.2,1137.5699131790711,5209.2,864.6936550694933
drtp_img88_cacheonly_1024mb_500,500,250,0.5,10.0,cloud_sjf,5,894.2160901812604,55.08515855147263,1523.52,79.55385418136832,1587.6200000000001,91.82508675662889,15876.2,918.2508675662876,0.0,0.0,10863.4,1284.2961116089075,5209.2,864.6936550694933
drtp_img88_cacheonly_1024mb_500,500,250,0.5,10.0,d_lease,5,555.5589042203978,42.02914422591794,1108.16,85.51912143960304,1214.6000000000001,92.73585224970967,12146.0,927.3585224970976,3730.2,868.494747813618,10222.6,588.5163211162117,5720.6,669.6115957963691
drtp_img88_cacheonly_1024mb_500,500,250,0.5,10.0,l_lease,5,552.0217820505206,37.922229315027366,1098.66,84.91895166320408,1205.1000000000001,95.63998867051372,12051.0,956.3998867051374,3825.2,986.8999761908194,10438.0,1163.0386529858754,5580.8,826.3203144722025
drtp_img88_cacheonly_1024mb_500,500,250,0.5,10.0,l_lru,5,593.1399986623571,38.96926419769106,1200.6400000000003,102.95392484000612,1307.0800000000004,89.96477657451507,13070.8,899.6477657451496,2805.4,499.6928002804923,10833.8,1293.0235517176939,5209.2,864.6936550694933
drtp_img88_cacheonly_1024mb_500,500,250,0.5,10.0,p2p_sjf,5,746.2338830979778,38.47151592604706,1315.1306101837154,100.63121568980654,1359.94,72.20357322544086,13599.4,722.0357322544085,2276.8,958.9793954878486,10866.0,1291.3198901514681,5209.2,864.6936550694933
drtp_img88_cacheonly_1024mb_500,500,250,0.5,30.0,c_lru,5,206.1348938390326,8.60788263455662,382.2466666666667,21.884350482361786,405.90000000000003,26.444806027346946,12177.0,793.3441808204053,3699.2,1026.622600427947,10887.0,1250.0685860300623,5209.2,864.6936550694933
drtp_img88_cacheonly_1024mb_500,500,250,0.5,30.0,cloud_fifo,5,281.99597112029437,10.429805595122504,491.3200000000005,14.307299206743389,529.2066666666672,30.608362252209062,15876.2,918.2508675662876,0.0,0.0,10672.2,1137.5699131790711,5209.2,864.6936550694933
drtp_img88_cacheonly_1024mb_500,500,250,0.5,30.0,cloud_sjf,5,298.0720300604203,18.36171951715748,507.84000000000003,26.517951393789538,529.2066666666667,30.608362252209655,15876.2,918.2508675662876,0.0,0.0,10863.4,1284.2961116089075,5209.2,864.6936550694933
drtp_img88_cacheonly_1024mb_500,500,250,0.5,30.0,d_lease,5,184.4762901517529,14.229569914992176,362.79333333333335,33.72561880805885,398.27333333333337,28.84620960052046,11948.2,865.386288015612,3928.0,928.8771438833015,10272.2,602.3673097244239,5783.8,651.0991863811842
drtp_img88_cacheonly_1024mb_500,500,250,0.5,30.0,l_lease,5,184.37734664096794,11.558877803688212,366.22,28.30631722106804,401.70000000000005,31.879996223504566,12051.0,956.3998867051374,3825.2,986.8999761908194,10525.2,1191.6393159290437,5580.8,826.3203144722025
drtp_img88_cacheonly_1024mb_500,500,250,0.5,30.0,l_lru,5,198.01038506599372,12.64543098024289,399.14666666666676,38.008629578302596,434.6266666666667,34.504083148891205,13038.8,1035.1224944667367,2837.4,527.3469227347022,10870.2,1401.738554290007,5209.2,864.6936550694933
drtp_img88_cacheonly_1024mb_500,500,250,0.5,30.0,p2p_sjf,5,247.75699281268518,15.115002261583088,436.90804422665315,35.87374828187029,451.6733333333333,29.98009171179803,13550.2,899.4027513539414,2326.0,921.7971237620563,10866.0,1291.3198901514681,5209.2,864.6936550694933
drtp_img88_cacheonly_1024mb_500,500,250,0.5,100.0,c_lru,5,63.71324882341657,2.5349148042488934,126.14777171304281,9.547721692325498,135.75693837970948,8.776777396204603,12202.6,897.8489544929926,3673.6,938.1161679345261,10836.6,1063.303887268809,5270.2,718.2619846517285
drtp_img88_cacheonly_1024mb_500,500,250,0.5,100.0,cloud_fifo,5,84.6320525390922,3.1339306974427257,147.39599999999976,4.292189762023163,161.49399999999977,11.293882430876529,15876.2,918.2508675662876,0.0,0.0,10672.2,1137.5699131790711,5209.2,864.6936550694933
drtp_img88_cacheonly_1024mb_500,500,250,0.5,100.0,cloud_sjf,5,89.4601960192658,5.52213928508609,152.35199999999998,7.955385418136836,161.49399999999997,11.293882430876295,15876.2,918.2508675662876,0.0,0.0,10863.4,1284.2961116089075,5209.2,864.6936550694933
drtp_img88_cacheonly_1024mb_500,500,250,0.5,100.0,d_lease,5,56.94756861395398,3.44024166017915,121.26493109254983,14.340761175986703,134.56993109254984,7.949038318553341,12059.8,886.8815613827136,3816.4,804.0700172951108,10259.2,777.7599015659265,5753.2,616.2109749965833
drtp_img88_cacheonly_1024mb_500,500,250,0.5,100.0,l_lease,5,56.82776890425516,2.437335576155555,121.62584284496141,12.115573050559137,134.9308428449614,8.41422611342895,12143.0,907.4047213383892,3733.2,783.6542289049679,10291.4,692.4913252789235,5743.2,673.2497684258346
drtp_img88_cacheonly_1024mb_500,500,250,0.5,100.0,l_lru,5,60.674793739610045,2.2340689357944967,130.71141619807514,11.626539290420858,144.01641619807515,9.132340602648219,13084.0,1011.6103563313296,2792.2,652.3513766238559,10877.8,1165.7638064900796,5209.2,864.6936550694933
drtp_img88_cacheonly_1024mb_500,500,250,0.5,100.0,p2p_sjf,5,74.12522904029686,3.8047119672652485,131.6878379007632,8.542631020413864,137.7490458274164,7.459826732346398,13532.8,651.1062877268503,2343.4,681.1466849947667,10771.0,1069.5474449766125,5288.0,677.5476185751079
drtp_img88_cacheonly_1024mb_500,500,250,1.0,10.0,c_lru,5,389.5023830232051,65.27230399016986,693.4719881018518,92.84120453305214,729.6779999999999,64.55283037335819,7122.4,621.8702236391126,7277.0,891.9616742152098,13570.0,887.0451614820971,0.0,0.0
drtp_img88_cacheonly_1024mb_500,500,250,1.0,10.0,cloud_fifo,5,673.8386615393445,68.48585336548001,1336.5600000000002,100.24318579339696,1439.94,126.24073577742446,14399.4,1262.4073577742486,0.0,0.0,14582.8,1121.0955650329902,0.0,0.0
drtp_img88_cacheonly_1024mb_500,500,250,1.0,10.0,cloud_sjf,5,687.7219525914022,116.07665236319609,1306.32,98.42908417449794,1439.94,126.24073577742509,14399.4,1262.4073577742486,0.0,0.0,13549.8,878.1157180949672,0.0,0.0
drtp_img88_cacheonly_1024mb_500,500,250,1.0,10.0,d_lease,5,312.471366510468,93.92167096986333,571.3069909955906,89.1556916022081,611.5573894106407,58.95157820688611,6037.2,549.9096948734765,8362.2,749.0378490692175,14368.2,894.770041803725,100.6,122.05753485041386
drtp_img88_cacheonly_1024mb_500,500,250,1.0,10.0,l_lease,5,316.8975018679811,100.37788708924805,587.9714070119045,110.80385431978115,634.7915650793649,94.41851967293124,6239.2,863.4651502113098,8160.2,550.7260776805833,14250.4,1510.5400893792125,250.2,551.8241140862185
drtp_img88_cacheonly_1024mb_500,500,250,1.0,10.0,l_lru,5,362.67693149766654,60.07798163747866,675.304803531746,83.18584473078266,761.0653333333331,67.82381620126091,7529.4,704.7419341274931,6870.0,1104.1733236524053,13954.2,1333.3080317216422,119.2,212.52523709112756
drtp_img88_cacheonly_1024mb_500,500,250,1.0,10.0,p2p_sjf,5,495.1224887007746,96.68389506555768,987.4609573820262,174.86100576221315,1039.3766666666668,197.22175395308545,10364.2,2019.6790623187237,4035.2,1311.1419754204499,13559.8,892.1536250726327,0.0,0.0
drtp_img88_cacheonly_1024mb_500,500,250,1.0,30.0,c_lru,5,132.86914029338706,22.60477624954599,246.7804195951854,38.208885699636944,255.15060857076617,27.813838538303703,7014.2,587.2768241766738,7385.2,765.6972921904842,13574.8,891.3279085143918,0.0,0.0
drtp_img88_cacheonly_1024mb_500,500,250,1.0,30.0,cloud_fifo,5,224.6128871797816,22.82861778849344,445.5200000000003,33.41439526446604,479.9800000000005,42.08024525914183,14399.4,1262.4073577742486,0.0,0.0,14582.8,1121.0955650329902,0.0,0.0
drtp_img88_cacheonly_1024mb_500,500,250,1.0,30.0,cloud_sjf,5,229.24065086380054,38.69221745439881,435.44,32.80969472483276,479.98,42.08024525914175,14399.4,1262.4073577742486,0.0,0.0,13549.8,878.1157180949672,0.0,0.0
drtp_img88_cacheonly_1024mb_500,500,250,1.0,30.0,d_lease,5,107.19456641539577,32.609925281087975,200.88103814027588,40.34482758770637,218.95269060555802,31.998326444734726,6147.8,580.4471954214612,8251.6,889.0993671113256,13995.4,1345.885878745802,326.4,295.057068848994
drtp_img88_cacheonly_1024mb_500,500,250,1.0,30.0,l_lease,5,107.9771605951366,33.77877586941886,200.6272186960109,38.35753018613084,222.22907827160495,36.526271812904426,6349.8,833.0712635547093,8049.6,668.3237151795228,14284.6,1753.4512532176534,241.4,254.7917389354686
drtp_img88_cacheonly_1024mb_500,500,250,1.0,30.0,l_lru,5,116.37282671970021,35.72749906389259,224.78464599088326,38.49656007094698,252.38525596618274,27.81138000773266,7302.8,737.6785306854468,7096.6,836.3386369509421,14365.0,959.5231049607924,103.0,177.40355910747672
drtp_img88_cacheonly_1024mb_500,500,250,1.0,30.0,p2p_sjf,5,165.18220597679857,32.076599102968224,327.9299161917908,57.0931867100419,348.2633333333334,63.03003348076185,10359.2,2027.0519274029068,4040.2,1321.3904047954336,13559.8,892.1536250726327,0.0,0.0
drtp_img88_cacheonly_1024mb_500,500,250,1.0,100.0,c_lru,5,42.8968162889001,7.175279143739675,88.98172678986634,9.590238157784903,100.06922678986635,9.730236239219302,7195.0,500.4428177364522,7204.4,1099.0445189116588,13382.8,1227.907173452065,177.4,492.4624
drtp_img88_cacheonly_1024mb_500,500,250,1.0,100.0,cloud_fifo,5,67.41589657349468,6.831201805090876,133.6559999999998,10.024318579339756,146.14949999999993,12.884352755453174,14399.4,1262.4073577742486,0.0,0.0,14582.8,1121.0955650329902,0.0,0.0
drtp_img88_cacheonly_1024mb_500,500,250,1.0,100.0,cloud_sjf,5,68.79985415829648,11.610599999116854,130.632,9.842908417449802,146.1495,12.884352755453136,14399.4,1262.4073577742486,0.0,0.0,13549.8,878.1157180949672,0.0,0.0
drtp_img88_cacheonly_1024mb_500,500,250,1.0,100.0,d_lease,5,34.93683854324979,10.063198460725904,69.77624182748221,12.226491295855617,83.88583530876727,15.08208784312897,6231.6,614.811368531975,8167.8,898.0728552560978,13187.6,1381.8362527602756,648.6,694.1502208618534
drtp_img88_cacheonly_1024mb_500,500,250,1.0,100.0,l_lease,5,34.88774094935482,10.349675044644457,69.76640703682914,12.22177439860259,84.14529602311558,14.331109679226484,6456.6,1162.2564013831714,7942.8,497.8710919784758,13363.8,1298.4089456071379,578.0,508.3848198079876
drtp_img88_cacheonly_1024mb_500,500,250,1.0,100.0,l_lru,5,37.70651784823263,10.914066683784657,77.47453659714407,13.173274258871977,91.35290631684288,13.969551873076375,7580.0,733.5161749665783,6819.4,1001.1418372890824,13469.8,975.0604271985607,400.6,190.18051637578438
drtp_img88_cacheonly_1024mb_500,500,250,1.0,100.0,p2p_sjf,5,49.7558842360016,9.609835864272956,97.87285090229018,14.10585773025764,108.8622098623635,14.423890838729774,10153.2,1612.1528641497491,4246.2,1100.6689121790619,13360.6,810.0197708970811,177.4,492.4624
drtp_img88_cacheonly_1024mb_500,500,250,2.0,10.0,c_lru,5,49.19050625227237,7.825504631288039,252.07050538991766,57.499410163666184,270.83666666666664,54.13395819136243,2685.6,560.9619472322164,3023.4,1606.2307824247919,4770.6,868.1820060882164,0.0,0.0
drtp_img88_cacheonly_1024mb_500,500,250,2.0,10.0,cloud_fifo,5,103.4169719066016,22.6027937576401,503.2399999999999,74.07804763189691,570.8999999999999,120.73988536154897,5709.0,1207.39885361549,0.0,0.0,4681.0,985.4921204888446,0.0,0.0
drtp_img88_cacheonly_1024mb_500,500,250,2.0,10.0,cloud_sjf,5,99.00764978024519,19.384163279058235,477.09999999999997,57.07593718182825,570.9,120.73988536154901,5709.0,1207.39885361549,0.0,0.0,4681.0,985.4921204888446,0.0,0.0
drtp_img88_cacheonly_1024mb_500,500,250,2.0,10.0,d_lease,5,45.26445221356972,8.62567271887992,236.56367119764107,48.57357817332213,260.70416666666665,41.37461661962693,2587.6,420.03879734253115,3121.4,1517.9886859349642,4633.6,777.4161112254877,0.0,0.0
drtp_img88_cacheonly_1024mb_500,500,250,2.0,10.0,l_lease,5,45.26445221356972,8.62567271887992,236.56367119764107,48.57357817332213,260.70416666666665,41.37461661962693,2587.6,420.03879734253115,3121.4,1517.9886859349642,4633.6,777.4161112254877,0.0,0.0
drtp_img88_cacheonly_1024mb_500,500,250,2.0,10.0,l_lru,5,47.514813674462225,11.13493280201587,247.99489476906965,60.15842033865756,278.00666666666666,48.257684993909265,2772.8,487.433823565661,2936.2,1525.5200808298262,4659.2,742.806663425578,0.0,0.0
drtp_img88_cacheonly_1024mb_500,500,250,2.0,10.0,p2p_sjf,5,53.31614544570301,9.127016540748544,279.9449444725529,51.12393561531933,298.97239108465607,58.68355298012069,2980.4,574.2594661030499,2728.6,1519.0756980562094,4758.4,863.1121950426606,0.0,0.0
drtp_img88_cacheonly_1024mb_500,500,250,2.0,30.0,c_lru,5,16.643526270481814,2.4606321358471206,84.45735923933348,18.557461182811757,92.38625396825397,15.894461060063433,2685.6,560.9619472322164,3023.4,1606.2307824247919,4752.8,858.6080492279582,0.0,0.0
drtp_img88_cacheonly_1024mb_500,500,250,2.0,30.0,cloud_fifo,5,34.472323968867194,7.534264585879995,167.74666666666653,24.6926825439655,190.2999999999998,40.24662845384949,5709.0,1207.39885361549,0.0,0.0,4681.0,985.4921204888446,0.0,0.0
drtp_img88_cacheonly_1024mb_500,500,250,2.0,30.0,cloud_sjf,5,33.002549926748415,6.4613877596860725,159.03333333333336,19.02531239394274,190.3,40.246628453849645,5709.0,1207.39885361549,0.0,0.0,4681.0,985.4921204888446,0.0,0.0
drtp_img88_cacheonly_1024mb_500,500,250,2.0,30.0,d_lease,5,15.364927158067347,2.7699154828457564,79.6897417318909,15.40656142413614,89.25042222222221,11.77101615276733,2587.6,420.03879734253115,3121.4,1517.9886859349642,4638.2,779.5838383121087,0.0,0.0
drtp_img88_cacheonly_1024mb_500,500,250,2.0,30.0,l_lease,5,15.364927158067347,2.7699154828457564,79.6897417318909,15.40656142413614,89.25042222222221,11.77101615276733,2587.6,420.03879734253115,3121.4,1517.9886859349642,4638.2,779.5838383121087,0.0,0.0
drtp_img88_cacheonly_1024mb_500,500,250,2.0,30.0,l_lru,5,16.055364781821318,3.5995055458470824,83.38384938621189,19.258273329733942,94.20006216931218,14.22366497105375,2776.4,484.9288238966209,2932.6,1519.2030234501774,4661.6,744.1221141867508,0.0,0.0
drtp_img88_cacheonly_1024mb_500,500,250,2.0,30.0,p2p_sjf,5,17.911847399152773,2.7808214071245776,93.27721486484359,17.181575009731468,101.60739758734675,17.791544853161184,2955.2,574.1251229178531,2753.8,1543.301564791742,4752.6,858.4519563713276,0.0,0.0
drtp_img88_cacheonly_1024mb_500,500,250,2.0,100.0,c_lru,5,5.486484346515495,0.6074119253601091,27.036436939127377,4.496865651875625,33.0080848577087,1.8898216371842838,2768.8,573.8532535739777,2940.2,1593.4739091835297,4804.2,858.374213516133,0.0,0.0
drtp_img88_cacheonly_1024mb_500,500,250,2.0,100.0,cloud_fifo,5,10.35276398958826,2.2755172202845775,50.32400000000001,7.407804763189693,57.92900000000003,12.91639057855004,5709.0,1207.39885361549,0.0,0.0,4681.0,985.4921204888446,0.0,0.0
drtp_img88_cacheonly_1024mb_500,500,250,2.0,100.0,cloud_sjf,5,9.91122118717654,1.950727247853622,47.71000000000001,5.707593718182825,57.92900000000001,12.916390578550029,5709.0,1207.39885361549,0.0,0.0,4681.0,985.4921204888446,0.0,0.0
drtp_img88_cacheonly_1024mb_500,500,250,2.0,100.0,d_lease,5,4.887282413064971,0.7853483765425592,24.54231165716544,4.604737346102588,31.475530936471312,3.1313541745823925,2587.6,420.03879734253115,3121.4,1517.9886859349642,4649.8,781.4331030146085,0.0,0.0
drtp_img88_cacheonly_1024mb_500,500,250,2.0,100.0,l_lease,5,4.887282413064971,0.7853483765425592,24.54231165716544,4.604737346102588,31.475530936471312,3.1313541745823925,2587.6,420.03879734253115,3121.4,1517.9886859349642,4649.8,781.4331030146085,0.0,0.0
drtp_img88_cacheonly_1024mb_500,500,250,2.0,100.0,l_lru,5,5.050655722275829,1.0145284699680024,25.45578493522761,5.982443978647161,32.56164672279737,3.8660609884270065,2819.8,470.64900326999526,2889.2,1446.3139559729896,4672.2,745.7735237289132,0.0,0.0
drtp_img88_cacheonly_1024mb_500,500,250,2.0,100.0,p2p_sjf,5,5.674632142281233,0.4651166363325761,28.10242142132719,3.823688827128206,34.92696232638942,3.4209542070089842,2966.6,511.0529296385649,2742.4,1503.4408512941768,4800.6,857.3138377510069,0.0,0.0
