iter,phi_total,delay_term,frag_term,aff_reward_term,load_term
1,457.0541666666667,456.0125,0.041666666666666664,0.0,1.0
2,2453.3289351851854,2451.2791666666667,0.04976851851851852,0.0,2.0
3,15535.956481481482,15532.891666666666,0.06481481481481481,0.0,3.0
4,18594.210185185184,18588.129166666666,0.08101851851851852,0.0,6.0
5,18392.6275462963,18588.129166666666,0.09837962962962962,204.60000000000002,9.0
6,19013.970138888893,19206.4625,0.10763888888888888,204.60000000000002,12.0
7,19431.633796296297,19657.325,0.10879629629629628,242.8,17.0
8,19623.740972222222,19842.4125,0.1284722222222222,242.8,24.0
9,19424.184374999997,19842.4125,0.171875,447.40000000000003,29.0
10,21973.218981481477,22390.429166666665,0.18981481481481483,447.40000000000003,30.0
11,25937.729629629626,26349.895833333332,0.2337962962962963,447.40000000000003,35.0
12,25740.173032407405,26349.895833333332,0.27719907407407407,652.0,42.0
13,25700.773032407404,26349.895833333332,0.27719907407407407,698.4000000000001,49.0
14,28876.998495370368,29525.095833333333,0.30266203703703703,698.4000000000001,50.0
15,28681.394444444442,29525.095833333333,0.29861111111111105,903.0,59.0
16,31023.21585648148,31857.895833333332,0.32002314814814814,903.0,68.0
17,34659.054513888885,35492.712499999994,0.34201388888888884,903.0,69.0
18,38847.469560185185,39678.3125,0.35706018518518523,903.2,72.0
19,43597.148726851854,44417.15,0.3987268518518519,903.4000000000001,83.0
20,58644.778240740736,59453.95,0.42824074074074076,903.6,94.0
21,63234.40891203704,64040.55,0.4589120370370371,903.6,97.0
22,63042.819907407415,64040.55,0.46990740740740733,1108.2,110.0
23,71464.67280092592,72466.8,0.4728009259259259,1117.6000000000001,115.0
24,86383.07743055557,87370.40000000001,0.4774305555555556,1117.8,130.0
25,90299.67974537036,91282.0,0.47974537037037035,1117.8,135.0
26,90213.29537037037,91282.0,0.49537037037037035,1211.2,142.0
27,99093.27835648147,100145.15,0.5283564814814815,1211.4,159.0
28,98907.68761574074,100145.15,0.5376157407407407,1416.0,178.0
29,101052.75208333333,102269.2,0.5520833333333333,1416.0,199.0
30,101027.57349537036,102269.2,0.5734953703703703,1454.2,212.0
31,100933.77465277778,102269.2,0.5746527777777778,1555.0,219.0
32,100752.16886574074,102269.2,0.5688657407407408,1759.6000000000001,242.0
33,100572.60706018518,102269.2,0.6070601851851853,1964.2,267.0
34,102818.46539351852,104514.01666666666,0.648726851851852,1964.2,268.0
35,102989.278125,104754.01666666666,0.6614583333333334,2036.4,271.0
36,103381.90914351853,105145.62916666667,0.6799768518518519,2036.4,272.0
37,103278.34212962963,105145.62916666667,0.712962962962963,2155.0,287.0
38,103220.37511574074,105145.62916666667,0.7459490740740741,2240.0,314.0
39,103169.59652777777,105145.62916666667,0.7673611111111112,2307.8,331.0
40,103099.21099537038,105145.62916666667,0.7818287037037038,2381.2000000000003,334.0
41,102923.61215277777,105145.62916666667,0.7829861111111112,2585.8,363.0
42,102824.0133101852,105145.62916666667,0.7841435185185185,2704.4,382.0
43,102650.42256944445,105145.62916666667,0.7934027777777779,2909.0,413.0
44,102478.85902777777,105145.62916666667,0.8298611111111113,3113.6000000000004,446.0
45,107302.421875,109964.1625,0.8593750000000001,3113.6000000000004,451.0
46,107204.8212962963,109964.1625,0.8587962962962964,3232.2000000000003,472.0
47,107120.45601851853,109964.1625,0.8935185185185186,3325.6000000000004,481.0
48,107822.88101851851,110673.74583333333,0.9351851851851851,3343.8,492.0
49,107653.2920138889,110673.74583333333,0.9461805555555555,3548.4,527.0
50,107485.70648148148,110673.74583333333,0.9606481481481479,3753.0,564.0
51,107320.14467592593,110673.74583333333,0.9988425925925924,3957.6000000000004,603.0
52,107276.1741898148,110673.74583333333,1.0283564814814814,4042.6000000000004,644.0
53,107114.57534722223,110673.74583333333,1.0295138888888888,4247.2,687.0
54,107022.80659722222,110673.74583333333,1.0607638888888888,4348.0,696.0
55,111071.93530092592,114714.07916666666,1.0561342592592595,4348.2,705.0
56,125279.18472222223,128898.52916666666,1.0555555555555558,4348.400000000001,728.0
57,125198.78587962962,128898.52916666666,1.0567129629629632,4441.8,741.0
58,125163.36967592592,128898.52916666666,1.0405092592592595,4488.2,752.0
59,125073.58587962962,128898.52916666666,1.0567129629629632,4589.0,763.0
60,125007.22060185185,128898.52916666666,1.0914351851851853,4668.400000000001,776.0
61,127082.84571759259,130971.11666666665,1.129050925925926,4668.400000000001,779.0
62,126923.28391203702,130971.11666666665,1.1672453703703705,4873.0,824.0
63,132237.76782407408,136266.37916666665,1.1886574074074074,4878.8,849.0
64,132199.7892361111,136266.37916666665,1.2100694444444446,4963.8,896.0
65,132108.20023148146,136266.37916666665,1.2210648148148149,5082.400000000001,923.0
66,136511.25000000003,140654.44166666668,1.2083333333333335,5082.400000000001,938.0
67,136462.85636574076,140654.44166666668,1.2146990740740742,5135.8,943.0
68,136307.25925925927,140654.44166666668,1.2175925925925928,5340.400000000001,992.0
69,136273.25868055556,140654.44166666668,1.2170138888888886,5425.400000000001,1043.0
70,136272.28356481483,140654.44166666668,1.241898148148148,5455.400000000001,1072.0
71,136120.68993055556,140654.44166666668,1.248263888888889,5660.0,1125.0
72,144243.29224537036,148770.24166666667,1.250578703703704,5660.200000000001,1132.0
73,144093.73217592595,148770.24166666667,1.2905092592592595,5864.8,1187.0
74,153906.87245370372,158574.35416666666,1.3182870370370372,5864.8,1196.0
75,159005.7920138889,163666.2708333333,1.3211805555555558,5864.8,1203.0
76,158972.40590277774,163666.2708333333,1.3350694444444446,5911.200000000001,1216.0
77,158940.80011574074,163666.2708333333,1.3292824074074074,5951.8,1225.0
78,158793.23136574074,163666.2708333333,1.3605324074074074,6156.400000000001,1282.0
79,161049.14988425924,165905.1708333333,1.379050925925926,6156.400000000001,1299.0
80,160994.96261574072,165905.1708333333,1.3917824074074074,6225.6,1314.0
81,160965.55335648145,165905.1708333333,1.3825231481481484,6272.0,1331.0
82,160887.16608796295,165905.1708333333,1.3952546296296298,6365.400000000001,1346.0
83,160741.56898148145,165905.1708333333,1.398148148148148,6570.0,1405.0
84,168718.9412037037,173871.50833333333,1.4328703703703702,6570.0,1416.0
85,168696.54351851853,173871.50833333333,1.435185185185185,6605.400000000001,1429.0
86,168634.15625,173871.50833333333,1.4479166666666665,6678.8,1440.0
87,168490.59618055556,173871.50833333333,1.487847222222222,6883.400000000001,1501.0
88,168349.00543981482,173871.50833333333,1.4971064814814816,7088.0,1564.0
89,168321.4332175926,173871.50833333333,1.5248842592592593,7128.6,1577.0
90,168311.4361111111,173871.50833333333,1.5277777777777777,7157.6,1596.0
91,168322.84594907405,173871.50833333333,1.5376157407407407,7163.200000000001,1613.0
92,168248.47719907406,173871.50833333333,1.5688657407407407,7256.6,1632.0
93,188119.19479166664,193723.175,1.6197916666666667,7256.6,1651.0
94,188046.81446759257,193723.175,1.6394675925925923,7350.0,1672.0
95,187907.2324074074,193723.175,1.657407407407407,7554.6,1737.0
96,193022.3986111111,198828.925,1.6736111111111107,7560.200000000001,1752.0
97,192964.03680555554,198828.925,1.7118055555555551,7639.6,1773.0
98,192930.24953703705,198828.925,1.7245370370370365,7696.400000000001,1796.0
99,192923.0929398148,198828.925,1.7679398148148142,7734.6,1827.0
100,195984.18321759257,201823.78749999998,1.7957175925925923,7735.400000000001,1894.0
101,195848.59942129627,201823.78749999998,1.811921296296296,7940.0,1963.0
102,197118.48217592592,203078.67083333334,1.8113425925925923,7940.0,1978.0
103,197042.68333333335,203078.67083333334,1.8124999999999998,8040.8,2003.0
104,197013.8763888889,203078.67083333334,1.8055555555555554,8086.6,2020.0
105,196928.30127314813,203078.67083333334,1.8304398148148149,8205.2,2053.0
106,196854.54467592592,203078.67083333334,1.8738425925925926,8306.0,2080.0
107,197506.62939814813,203725.92083333334,1.9085648148148149,8306.2,2085.0
108,197517.6409722222,203725.92083333334,1.9201388888888888,8316.2,2106.0
109,197434.07048611113,203725.92083333334,1.9496527777777777,8434.800000000001,2141.0
110,197363.67337962962,203725.92083333334,1.9525462962962963,8528.2,2164.0
111,197275.91273148148,203725.92083333334,1.9918981481481484,8639.0,2187.0
112,197142.30694444446,203725.92083333334,1.9861111111111112,8843.6,2258.0
113,209908.41585648144,216424.8083333333,2.0075231481481484,8849.4,2331.0
114,209778.81006944441,216424.8083333333,2.001736111111111,9054.0,2406.0
115,212980.75949074072,219625.5583333333,2.0011574074074074,9059.800000000001,2413.0
116,212853.19768518515,219625.5583333333,2.039351851851852,9264.4,2490.0
117,212800.83240740738,219625.5583333333,2.074074074074074,9335.800000000001,2509.0
118,212750.42314814808,219625.5583333333,2.064814814814815,9415.2,2538.0
119,212729.02777777772,219625.5583333333,2.069444444444444,9461.6,2563.0
120,212659.25902777773,219625.5583333333,2.100694444444444,9562.4,2594.0
121,214053.27986111108,220992.5583333333,2.1215277777777777,9562.4,2621.0
122,215438.35925925928,222352.625,2.134259259259259,9562.4,2646.0
123,215370.59224537035,222352.625,2.1672453703703702,9663.2,2679.0
124,215394.4304398148,222352.625,2.205439814814815,9718.4,2758.0
125,215355.6466435185,222352.625,2.2216435185185186,9794.2,2795.0
126,215305.2460648148,222352.625,2.221064814814815,9865.6,2816.0
127,215236.06342592594,222352.625,2.238425925925926,9943.800000000001,2825.0
128,215230.3068287037,222352.625,2.2818287037037037,9988.6,2864.0
129,215106.74849537035,222352.625,2.3234953703703702,10193.2,2945.0
130,215076.34444444443,222352.625,2.319444444444444,10246.6,2968.0
131,215079.17916666667,222352.625,2.3541666666666665,10284.800000000001,3009.0
132,214957.6023148148,222352.625,2.377314814814815,10489.400000000001,3092.0
133,214901.22025462965,222352.625,2.3952546296296298,10562.800000000001,3109.0
134,214854.8341435185,222352.625,2.4091435185185186,10634.2,3134.0
135,214779.2775462963,222352.625,2.4525462962962963,10752.800000000001,3177.0
136,214659.7087962963,222352.625,2.4837962962962963,10957.400000000001,3262.0
137,224685.27673611112,232351.375,2.501736111111111,10957.6,3289.0
138,224611.68136574072,232351.375,2.5063657407407405,11076.2,3334.0
139,224643.4773148148,232351.375,2.5023148148148144,11131.400000000001,3421.0
140,224571.89699074073,232351.375,2.5219907407407405,11250.0,3468.0
141,231436.8787037037,239181.3625,2.5162037037037033,11250.0,3503.0
142,232862.28101851846,240595.76249999995,2.518518518518518,11250.0,3514.0
143,232746.71226851846,240595.76249999995,2.549768518518518,11454.6,3603.0
144,232681.52152777775,240595.76249999995,2.5590277777777777,11532.800000000001,3616.0
145,234555.63344907408,242432.875,2.5584490740740744,11532.800000000001,3653.0
146,234515.2548611111,242432.875,2.5798611111111107,11612.2,3692.0
147,239359.4045138889,247257.9916666667,2.612847222222222,11612.2,3711.0
148,239289.83750000005,247257.9916666667,2.6458333333333335,11730.800000000001,3760.0
149,239249.65254629633,247257.9916666667,2.6608796296296293,11800.0,3789.0
150,239232.86701388893,247257.9916666667,2.6753472222222223,11867.800000000001,3840.0
151,239119.30347222227,247257.9916666667,2.711805555555556,12072.400000000001,3931.0
152,239170.9127314815,247257.9916666667,2.721064814814815,12113.800000000001,4024.0
153,239105.34918981485,247257.9916666667,2.7575231481481484,12232.400000000001,4077.0
154,238995.75208333335,247257.9916666667,2.7604166666666665,12437.0,4172.0
155,238888.18680555557,247257.9916666667,2.795138888888889,12641.6,4269.0
156,238782.6197916667,247257.9916666667,2.8281250000000004,12846.2,4368.0
157,238769.81226851855,247257.9916666667,2.820601851851852,12914.0,4423.0
158,238666.21168981484,247257.9916666667,2.820023148148148,13118.6,4524.0
159,238564.6059027778,247257.9916666667,2.814236111111111,13323.2,4627.0
160,238500.21689814818,247257.9916666667,2.8252314814814814,13416.6,4656.0
161,238440.42326388892,247257.9916666667,2.8315972222222223,13517.400000000001,4697.0
162,258196.54039351855,266918.3041666667,2.836226851851852,13526.6,4802.0
163,258181.15833333338,266918.3041666667,2.854166666666667,13573.0,4833.0
164,258123.39652777783,266918.3041666667,2.892361111111111,13673.800000000001,4876.0
165,258088.98900462966,266918.3041666667,2.8848379629629632,13753.2,4921.0
166,257991.425462963,266918.3041666667,2.9212962962962967,13957.800000000001,5028.0
167,257991.6318287037,266918.3041666667,2.927662037037037,13988.6,5059.0
168,258024.4515046297,266918.3041666667,2.947337962962963,14064.800000000001,5168.0
169,257930.88622685187,266918.3041666667,2.9820601851851856,14269.400000000001,5279.0
170,262739.22997685184,271699.6166666667,3.0133101851851856,14269.400000000001,5306.0
171,262647.65138888895,271699.6166666667,3.0347222222222223,14474.0,5419.0
172,262611.4895833334,271699.6166666667,3.0729166666666665,14543.2,5452.0
173,262548.31504629634,271699.6166666667,3.0983796296296298,14621.400000000001,5467.0
174,262458.74456018524,271699.6166666667,3.1278935185185186,14826.0,5582.0
175,262371.18449074076,271699.6166666667,3.167824074074074,15030.6,5699.0
176,262352.37870370375,271699.6166666667,3.1620370370370368,15106.400000000001,5756.0
177,262292.81342592597,271699.6166666667,3.196759259259259,15225.0,5815.0
178,262231.63194444444,271699.6166666667,3.2152777777777772,15303.2,5832.0
179,262174.0244212963,271699.6166666667,3.2077546296296293,15421.800000000001,5893.0
180,262088.4556712963,271699.6166666667,3.2390046296296293,15626.400000000001,6012.0
181,262022.07303240744,271699.6166666667,3.2563657407407405,15721.800000000001,6041.0
182,261969.67071759258,271699.6166666667,3.2540509259259256,15795.2,6062.0
183,261886.11412037042,271699.6166666667,3.297453703703704,15999.800000000001,6183.0
184,261881.7494212963,271699.6166666667,3.33275462962963,16035.2,6214.0
185,261800.1436342593,271699.6166666667,3.326967592592593,16239.800000000001,6337.0
186,274427.8938657408,284264.3541666667,3.339699074074074,16239.800000000001,6400.0
187,274348.3320601852,284264.3541666667,3.3778935185185186,16444.4,6525.0
188,274390.37025462964,284264.3541666667,3.4160879629629632,16529.4,6652.0
189,274314.7714120371,284264.3541666667,3.4172453703703707,16734.0,6781.0
190,274304.99456018524,284264.3541666667,3.4403935185185186,16790.8,6828.0
191,274231.4107638889,284264.3541666667,3.456597222222222,16995.4,6959.0
192,274197.24201388896,284264.3541666667,3.487847222222222,17064.600000000002,6994.0
193,277035.6443287037,287085.3541666667,3.4901620370370368,17070.2,7017.0
194,277011.4605324074,287085.3541666667,3.5063657407407405,17127.4,7050.0
195,276937.69641203707,287085.3541666667,3.5422453703703702,17238.2,7087.0
196,276865.8964120371,287085.3541666667,3.5422453703703702,17349.0,7126.0
197,276857.1056712963,287085.3541666667,3.551504629629629,17392.8,7161.0
198,276785.49988425925,287085.3541666667,3.5457175925925926,17597.4,7294.0
199,276715.9346064815,287085.3541666667,3.580439814814815,17802.0,7429.0
200,276648.3577546297,287085.3541666667,3.603587962962963,18006.600000000002,7566.0
201,276641.5959490741,287085.3541666667,3.6417824074074074,18050.4,7603.0
202,276587.1936342593,287085.3541666667,3.6394675925925926,18143.8,7642.0
203,276521.59479166666,287085.3541666667,3.640625,18348.4,7781.0
204,276577.6347222222,287085.3541666667,3.6805555555555554,18433.4,7922.0
205,276516.0306712963,287085.3541666667,3.676504629629629,18638.0,8065.0
206,276508.25381944445,287085.3541666667,3.6996527777777777,18694.8,8114.0
207,276451.47581018525,287085.3541666667,3.721643518518518,18770.600000000002,8133.0
208,276435.91400462965,287085.3541666667,3.7598379629629624,18811.2,8158.0
209,276397.53194444446,287085.3541666667,3.7777777777777772,18882.600000000002,8191.0
210,276342.73078703706,287085.3541666667,3.77662037037037,18958.4,8212.0
211,276283.12847222225,287085.3541666667,3.774305555555555,19163.0,8357.0
212,276230.34467592597,287085.3541666667,3.790509259259259,19238.8,8380.0
213,276292.3458333334,287085.3541666667,3.7916666666666665,19323.8,8527.0
214,276236.7840277778,287085.3541666667,3.829861111111111,19528.4,8676.0
215,276176.3782407408,287085.3541666667,3.824074074074074,19623.8,8711.0
216,286059.3336805556,296917.2916666667,3.842013888888889,19623.8,8762.0
217,286005.75509259256,296917.2916666667,3.863425925925925,19828.4,8913.0
218,285954.9828703704,296917.2916666667,3.891203703703703,19904.2,8938.0
219,285903.42627314816,296917.2916666667,3.9346064814814805,20108.800000000003,9091.0
220,285853.8627314815,296917.2916666667,3.9710648148148144,20313.4,9246.0
221,285784.07314814813,296917.2916666667,3.981481481481481,20424.2,9287.0
222,285906.6876157408,296917.2916666667,3.9959490740740735,20458.600000000002,9444.0
223,285890.30034722225,296917.2916666667,4.008680555555555,20512.0,9481.0
224,285839.1153935185,296917.2916666667,4.023726851851851,20590.2,9508.0
225,285852.33680555556,296917.2916666667,4.045138888888888,20642.0,9573.0
226,285795.9767361111,296917.2916666667,4.085069444444444,20737.4,9612.0
227,285869.99988425925,296917.2916666667,4.108217592592593,20822.4,9771.0
228,285901.80451388896,296917.2916666667,4.112847222222222,20831.600000000002,9812.0
229,289396.515625,300368.975,4.140625,20831.600000000002,9855.0
230,289352.9167824074,300368.975,4.1417824074074066,21036.2,10016.0
231,289344.1532407407,300368.975,4.1782407407407405,21112.0,10083.0
232,289297.77638888883,300368.975,4.201388888888888,21185.4,10110.0
233,289526.98634259263,300568.55833333335,4.228009259259259,21198.800000000003,10153.0
234,289520.2262731482,300568.55833333335,4.267939814814814,21274.600000000002,10222.0
235,289489.82916666666,300568.55833333335,4.270833333333333,21346.0,10263.0
236,289424.0615740741,300568.55833333335,4.3032407407407405,21456.800000000003,10308.0
237,289531.8644675926,300568.55833333335,4.306134259259259,21512.0,10471.0
238,289519.68877314817,300568.55833333335,4.330439814814815,21553.2,10500.0
239,289480.0795138889,300568.55833333335,4.321180555555555,21757.800000000003,10665.0
240,289442.47546296293,300568.55833333335,4.317129629629629,21962.4,10832.0
241,289406.8934027778,300568.55833333335,4.335069444444444,22167.0,11001.0
242,289450.50787037035,300568.55833333335,4.349537037037037,22176.4,11054.0
243,289403.3101851852,300568.55833333335,4.351851851851851,22254.600000000002,11085.0
244,295405.3728009259,306523.625,4.347800925925926,22254.600000000002,11132.0
245,295371.8109953704,306523.625,4.38599537037037,22459.2,11303.0
246,295326.0324074074,306523.625,4.407407407407407,22560.0,11358.0
247,295278.4503472223,306523.625,4.425347222222222,22678.600000000002,11429.0
248,295321.8648148148,306523.625,4.439814814814815,22692.2,11486.0
249,304011.9844907407,315040.925,4.4594907407407405,22692.4,11659.0
250,304131.78391203703,315040.925,4.458912037037037,22747.600000000002,11834.0
251,304104.1815972222,315040.925,4.456597222222221,22952.2,12011.0
252,304078.5775462963,315040.925,4.452546296296296,23156.800000000003,12190.0
253,304128.1972222222,315040.925,4.472222222222222,23166.2,12249.0
254,304153.62847222225,315040.925,4.503472222222222,23189.800000000003,12298.0
255,305173.8222222223,316000.8875,4.534722222222222,23190.600000000002,12359.0
256,305163.4233796296,316000.8875,4.53587962962963,23244.0,12402.0
257,308546.2800925926,319310.75,4.530092592592593,23244.0,12475.0
258,308569.49976851855,319310.75,4.549768518518518,23295.800000000003,12550.0
259,308578.69745370373,319310.75,4.547453703703703,23363.600000000002,12627.0
260,308555.1136574074,319310.75,4.5636574074074066,23568.2,12808.0
261,308533.52465277776,319310.75,4.574652777777778,23772.800000000003,12991.0
262,308513.94085648144,319310.75,4.590856481481481,23977.4,13176.0
263,308505.55185185187,319310.75,4.601851851851851,24030.800000000003,13221.0
264,308487.95474537037,319310.75,4.604745370370369,24235.4,13408.0
265,308472.3454861111,319310.75,4.595486111111111,24440.0,13597.0
266,308458.78020833334,319310.75,4.630208333333333,24644.600000000002,13788.0
267,308447.19814814813,319310.75,4.648148148148147,24849.2,13981.0
268,308407.6363425926,319310.75,4.686342592592592,24967.800000000003,14060.0
269,308420.8357638889,319310.75,4.6857638888888875,25035.600000000002,14141.0
270,308465.62824074074,319310.75,4.67824074074074,25073.800000000003,14224.0
271,308405.86875,319310.75,4.718749999999999,25184.600000000002,14275.0
272,308396.26643518516,319310.75,4.716435185185185,25389.2,14470.0
273,308517.06759259256,319310.75,4.717592592592592,25465.4,14667.0
274,308500.88611111115,319310.75,4.73611111111111,25534.600000000002,14720.0
275,308510.105787037,319310.75,4.755787037037036,25610.4,14805.0
276,308552.3150462963,319310.75,4.765046296296295,25655.2,14892.0
277,308546.73298611114,319310.75,4.782986111111111,25859.800000000003,15091.0
278,308522.3642361111,319310.75,4.814236111111111,25931.2,15138.0
279,308556.3572916667,319310.75,4.807291666666666,25960.2,15201.0
280,308552.7584490741,319310.75,4.808449074074073,26164.800000000003,15402.0
281,308551.2001157407,319310.75,4.85011574074074,26369.4,15605.0
282,308515.40127314813,319310.75,4.851273148148147,26470.2,15670.0
283,308515.8261574074,319310.75,4.8761574074074066,26674.800000000003,15875.0
284,308529.0186342593,319310.75,4.868634259259259,26750.600000000002,15964.0
285,308531.4313657407,319310.75,4.88136574074074,26955.2,16171.0
286,308519.0377314815,319310.75,4.88773148148148,27034.600000000002,16238.0
287,308463.2608796296,319310.75,4.910879629629628,27145.4,16293.0
288,308418.07361111115,319310.75,4.92361111111111,27223.600000000002,16326.0
289,308433.303125,319310.75,4.953124999999999,27299.4,16417.0
290,308384.9042824074,319310.75,4.9542824074074066,27392.800000000003,16462.0
291,308331.1384259259,319310.75,4.988425925925925,27503.600000000002,16519.0
292,308335.534375,319310.75,4.984374999999999,27708.2,16728.0
293,308325.1621527778,319310.75,5.012152777777777,27787.600000000002,16797.0
294,308331.57835648145,319310.75,5.02835648148148,27992.2,17008.0
295,308288.38067129627,319310.75,5.030671296296295,28070.4,17043.0
296,308296.8084490741,319310.75,5.058449074074073,28275.0,17256.0
297,308307.2263888889,319310.75,5.0763888888888875,28479.600000000002,17471.0
298,308262.8576388889,319310.75,5.1076388888888875,28553.0,17500.0
299,308445.45706018514,319310.75,5.107060185185183,28587.4,17717.0
300,308403.0865740741,319310.75,5.136574074074073,28660.800000000003,17748.0
301,308420.2859953704,319310.75,5.135995370370369,28736.600000000002,17841.0
302,308434.727662037,319310.75,5.177662037037036,28941.2,18060.0
303,308411.12361111114,319310.75,5.17361111111111,29059.800000000003,18155.0
304,308427.5178240741,319310.75,5.1678240740740735,29264.4,18376.0
305,308381.1305555556,319310.75,5.180555555555555,29359.800000000003,18425.0
306,308405.9537037037,319310.75,5.203703703703703,29406.0,18496.0
307,308424.37337962963,319310.75,5.223379629629629,29610.600000000002,18719.0
308,308444.78784722224,319310.75,5.237847222222221,29815.2,18944.0
309,310868.41006944445,321508.1375,5.272569444444444,29816.0,19171.0
310,310892.80775462964,321508.1375,5.270254629629629,30020.600000000002,19400.0
311,310938.04247685184,321508.1375,5.304976851851851,30072.4,19497.0
312,310969.25868055556,321508.1375,5.3211805555555545,30140.2,19596.0
313,310985.49861111114,321508.1375,5.36111111111111,30197.0,19669.0
314,310945.0980324074,321508.1375,5.3605324074074066,30270.4,19702.0
315,310971.4957175926,321508.1375,5.358217592592593,30475.0,19933.0
316,310999.9153935186,321508.1375,5.377893518518517,30679.600000000002,20166.0
317,311030.30960648146,321508.1375,5.372106481481482,30884.2,20401.0
318,311079.5072916667,321508.1375,5.369791666666668,30936.0,20502.0
319,311114.7321759259,321508.1375,5.3946759259259265,31003.800000000003,20605.0
320,311076.3738425926,321508.1375,5.436342592592593,31077.2,20640.0
321,311108.8050925926,321508.1375,5.467592592592593,31281.800000000003,20877.0
322,311143.23460648145,321508.1375,5.497106481481481,31486.4,21116.0
323,311179.62534722226,321508.1375,5.487847222222221,31691.0,21357.0
324,311166.0565972223,321508.1375,5.519097222222221,31809.600000000002,21462.0
325,311204.4693287037,321508.1375,5.531828703703703,32014.2,21705.0
326,314584.2994212963,324856.5375,5.561921296296296,32019.800000000003,21742.0
327,314624.71388888883,324856.5375,5.5763888888888875,32224.4,21987.0
328,314667.14513888885,324856.5375,5.6076388888888875,32429.0,22234.0
329,314698.3630787037,324856.5375,5.625578703703702,32504.800000000003,22341.0
330,314742.79432870366,324856.5375,5.656828703703702,32709.4,22590.0
331,314784.030787037,324856.5375,5.693287037037036,32777.200000000004,22699.0
332,314758.25567129627,324856.5375,5.718171296296295,32878.0,22774.0
333,314737.85682870366,324856.5375,5.719328703703702,32949.4,22825.0
334,314784.2782407407,324856.5375,5.7407407407407405,33154.0,23076.0
335,314961.0927083333,324856.5375,5.755208333333334,33230.200000000004,23329.0
336,315011.4990740741,324856.5375,5.761574074074074,33434.8,23584.0
337,314993.0950231481,324856.5375,5.757523148148149,33506.200000000004,23637.0
338,314953.91701388883,324856.5375,5.779513888888889,33584.4,23676.0
339,314951.5569444444,324856.5375,5.819444444444445,33663.8,23753.0
340,317359.60034722224,327186.5375,5.862847222222222,33664.8,23832.0
341,317412.0200231481,327186.5375,5.882523148148149,33869.4,24089.0
342,317395.6547453704,327186.5375,5.917245370370371,33940.8,24144.0
343,317450.08599537035,327186.5375,5.948495370370371,34145.4,24403.0
344,317435.68715277774,327186.5375,5.949652777777778,34216.8,24460.0
345,317415.90335648146,327186.5375,5.965856481481482,34317.6,24541.0
346,320784.57766203705,330514.3875,5.990162037037037,34317.8,24582.0
347,330140.94618055556,339827.7375,6.008680555555556,34317.8,24625.0
348,330107.7646990741,339827.7375,6.027199074074074,34396.0,24670.0
349,330145.590162037,339827.7375,6.052662037037037,34405.200000000004,24717.0
350,331246.7362268519,340879.87083333335,6.065393518518519,34405.200000000004,24766.0
351,331303.1356481482,340879.87083333335,6.064814814814815,34609.8,25027.0
352,331362.3703703704,340879.87083333335,6.099537037037037,34661.6,25138.0
353,331420.7900462963,340879.87083333335,6.119212962962963,34866.200000000004,25401.0
354,331369.04791666666,340879.87083333335,6.177083333333333,34977.0,25460.0
355,331372.24212962965,340879.87083333335,6.171296296296297,35020.8,25507.0
356,331432.6548611111,340879.87083333335,6.184027777777778,35225.4,25772.0
357,331442.47222222225,340879.87083333335,6.201388888888888,35266.6,25823.0
358,331468.7052083333,340879.87083333335,6.234374999999999,35323.4,25906.0
359,338908.5304398148,348052.68333333335,6.247106481481482,35323.4,26173.0
360,338943.1385416667,348052.68333333335,6.255208333333333,35337.8,26222.0
361,339007.5784722222,348052.68333333335,6.295138888888888,35542.4,26491.0
362,338982.400462963,348052.68333333335,6.317129629629629,35620.6,26544.0
363,339048.82824074075,348052.68333333335,6.344907407407407,35825.200000000004,26815.0
364,339245.6311342592,348052.68333333335,6.347800925925925,35901.4,27088.0
365,339260.22650462965,348052.68333333335,6.343171296296296,35947.8,27149.0
366,339217.86469907407,348052.68333333335,6.3813657407407405,36041.200000000004,27200.0
367,339288.2959490741,348052.68333333335,6.4126157407407405,36245.8,27475.0
368,339247.8866898148,348052.68333333335,6.403356481481481,36339.200000000004,27528.0
369,339448.69479166664,348052.68333333335,6.411458333333334,36415.4,27805.0
370,339509.9196759259,348052.68333333335,6.436342592592593,36467.200000000004,27918.0
371,339473.5376157408,348052.68333333335,6.454282407407408,36562.6,27977.0
372,339452.746875,348052.68333333335,6.463541666666668,36638.4,28032.0
373,339491.96307870373,348052.68333333335,6.47974537037037,36714.200000000004,28147.0
374,342811.5,351311.2208333333,6.479166666666667,36714.200000000004,28208.0
375,342821.10636574076,351311.2208333333,6.485532407407407,36767.6,28271.0
376,344812.2557870371,353265.37083333335,6.484953703703704,36767.6,28308.0
377,344861.45,353265.37083333335,6.479166666666668,36835.4,28425.0
378,344935.85115740745,353265.37083333335,6.480324074074074,37040.0,28704.0
379,344941.4638888889,353265.37083333335,6.493055555555555,37119.4,28789.0
380,344939.26851851854,353265.37083333335,6.497685185185185,37176.6,28844.0
381,345015.68645833334,353265.37083333335,6.515625,37381.200000000004,29125.0
382,344979.2876157408,353265.37083333335,6.516782407407408,37474.6,29182.0
383,345057.72407407407,353265.37083333335,6.553240740740741,37679.200000000004,29465.0
384,345058.1553240741,353265.37083333335,6.584490740740741,37797.8,29584.0
385,345258.19525462965,353265.37083333335,6.624421296296297,37882.8,29869.0
386,345283.21145833336,353265.37083333335,6.640625000000001,37914.8,29926.0
387,345485.23634259263,353265.37083333335,6.665509259259259,37999.8,30213.0
388,345753.2490740741,353265.37083333335,6.678240740740741,38020.8,30502.0
389,345989.0450231482,353265.37083333335,6.674189814814815,38076.0,30793.0
390,346034.2444444445,353265.37083333335,6.673611111111112,38151.8,30914.0
391,346122.6658564815,353265.37083333335,6.695023148148149,38356.4,31207.0
392,346213.0872685185,353265.37083333335,6.716435185185187,38561.0,31502.0
393,346199.3219907408,353265.37083333335,6.751157407407409,38661.8,31589.0
394,346420.14166666666,353265.37083333335,6.770833333333334,38738.0,31886.0
395,346429.74282407406,353265.37083333335,6.771990740740741,38817.4,31975.0
396,346434.1775462963,353265.37083333335,6.806712962962964,38936.0,32098.0
397,346427.8140046296,353265.37083333335,6.843171296296297,39007.4,32163.0
398,346408.6163194445,353265.37083333335,6.845486111111112,39085.6,32222.0
399,346442.8255787037,353265.37083333335,6.854745370370371,39142.4,32313.0
400,346414.46030092594,353265.37083333335,6.8894675925925934,39237.8,32380.0
401,346508.86319444445,353265.37083333335,6.8923611111111125,39442.4,32679.0
402,346491.67592592596,353265.37083333335,6.9050925925925934,39520.600000000006,32740.0
403,346548.89560185187,353265.37083333335,6.92476851851852,39588.4,32865.0
404,346764.92511574074,353265.37083333335,6.954282407407409,39673.4,33166.0
405,346798.53784722224,353265.37083333335,6.967013888888891,39708.8,33235.0
406,346896.9337962963,353265.37083333335,6.962962962962964,39913.4,33538.0
407,346949.9349537037,353265.37083333335,6.96412037037037,39923.4,33601.0
408,347050.3459490741,353265.37083333335,6.975115740740742,40128.0,33906.0
409,347114.3528935185,353265.37083333335,6.982060185185187,40157.0,33999.0
410,347366.165625,353265.37083333335,6.994791666666668,40212.200000000004,34306.0
411,347480.6090277778,353265.37083333335,7.0381944444444455,40224.8,34433.0
412,347446.20671296294,353265.37083333335,7.035879629629631,40318.200000000004,34492.0
413,347550.6298611111,353265.37083333335,7.059027777777778,40522.8,34801.0
414,347526.2425925926,353265.37083333335,7.0717592592592595,40618.200000000004,34872.0
415,347503.8842592592,353265.37083333335,7.113425925925926,40713.600000000006,34945.0
416,347525.6993055556,353265.37083333335,7.128472222222223,40754.8,35008.0
417,347602.93402777775,353265.37083333335,7.1631944444444455,40806.600000000006,35137.0
418,347615.33171296294,353265.37083333335,7.160879629629631,40925.200000000004,35268.0
419,347656.72766203707,353265.37083333335,7.156828703703704,40948.8,35333.0
420,347671.1675925926,353265.37083333335,7.1967592592592595,41067.4,35466.0
421,347777.58553240745,353265.37083333335,7.214699074074074,41272.0,35777.0
422,347781.38495370373,353265.37083333335,7.21412037037037,41329.200000000004,35838.0
423,347794.2,353265.37083333335,7.229166666666667,41381.4,35903.0
424,347902.6381944445,353265.37083333335,7.267361111111112,41586.0,36216.0
425,347919.0543981482,353265.37083333335,7.283564814814815,41704.600000000006,36351.0
426,347962.45729166665,353265.37083333335,7.286458333333334,41728.200000000004,36418.0
427,347932.0769675926,353265.37083333335,7.306134259259261,41821.600000000006,36481.0
428,348042.50474537036,353265.37083333335,7.333912037037038,42026.200000000004,36796.0
429,348022.1464120371,353265.37083333335,7.375578703703705,42121.600000000006,36871.0
430,348134.5863425926,353265.37083333335,7.41550925925926,42326.200000000004,37188.0
431,348249.02280092594,353265.37083333335,7.451967592592594,42530.8,37507.0
432,348535.65578703705,353265.37083333335,7.484953703703705,42565.200000000004,37828.0
433,348654.07546296297,353265.37083333335,7.504629629629631,42769.8,38151.0
434,348672.5101851852,353265.37083333335,7.539351851851852,42888.4,38288.0
435,348921.31481481483,353265.37083333335,7.543981481481483,42964.600000000006,38613.0
436,348879.5472222222,353265.37083333335,7.576388888888889,43075.4,38682.0
437,348899.95011574076,353265.37083333335,7.579282407407408,43194.0,38821.0
438,348915.5883101852,353265.37083333335,7.617476851851853,43273.4,38916.0
439,349038.02650462964,353265.37083333335,7.655671296296298,43478.0,39243.0
440,349111.25775462965,353265.37083333335,7.686921296296298,43545.8,39384.0
441,349152.87395833334,353265.37083333335,7.703125000000001,43581.200000000004,39461.0
442,349141.69247685187,353265.37083333335,7.72164351851852,43659.4,39528.0
443,349149.5005787037,353265.37083333335,7.729745370370371,43716.600000000006,39593.0
444,349123.0982638889,353265.37083333335,7.727430555555556,43810.0,39660.0
445,349247.51967592596,353265.37083333335,7.748842592592593,44014.600000000006,39989.0
446,349373.93761574075,353265.37083333335,7.766782407407407,44219.200000000004,40320.0
447,349398.3740740741,353265.37083333335,7.8032407407407405,44337.8,40463.0
448,349475.5885416666,353265.37083333335,7.817708333333333,44405.600000000006,40608.0
449,349603.9978009259,353265.37083333335,7.826967592592593,44610.200000000004,40941.0
450,349569.61400462966,353265.37083333335,7.843171296296296,44683.600000000006,40980.0
451,349617.0284722222,353265.37083333335,7.857638888888888,44707.200000000004,41051.0
452,349645.4649305556,353265.37083333335,7.894097222222221,44825.8,41198.0
453,349904.28807870374,353265.37083333335,7.9172453703703685,44902.0,41533.0
454,349934.6822916666,353265.37083333335,7.911458333333332,45020.600000000006,41682.0
455,349952.27650462964,353265.37083333335,7.905671296296295,45100.0,41779.0
456,350084.6944444445,353265.37083333335,7.92361111111111,45304.600000000006,42116.0
457,350082.9123842592,353265.37083333335,7.941550925925926,45405.4,42215.0
458,350110.7239583334,353265.37083333335,7.953124999999999,45446.600000000006,42284.0
459,350245.1268518519,353265.37083333335,7.956018518518518,45651.200000000004,42623.0
460,350501.1465277778,353265.37083333335,7.975694444444444,45736.200000000004,42964.0
461,350565.5795138889,353265.37083333335,8.008680555555555,45750.8,43043.0
462,350584.38530092593,353265.37083333335,8.014467592592592,45803.0,43114.0
463,350722.81018518517,353265.37083333335,8.039351851851851,46007.600000000006,43457.0
464,350810.25011574075,353265.37083333335,8.079282407407407,46021.200000000004,43558.0
465,350932.44953703706,353265.37083333335,8.078703703703702,46050.0,43709.0
466,350960.08599537035,353265.37083333335,8.115162037037036,46103.4,43790.0
467,351100.4987268519,353265.37083333335,8.127893518518517,46308.0,44135.0
468,351242.8981481482,353265.37083333335,8.127314814814815,46512.600000000006,44482.0
469,351387.3398148148,353265.37083333335,8.168981481481481,46717.200000000004,44831.0
470,351349.5722222222,353265.37083333335,8.20138888888889,46828.0,44904.0
471,351624.3768518519,353265.37083333335,8.206018518518519,46904.200000000004,45255.0
472,351647.97974537034,353265.37083333335,8.208912037037038,46983.600000000006,45358.0
473,351698.17511574074,353265.37083333335,8.204282407407408,47006.4,45431.0
474,351846.5913194445,353265.37083333335,8.22048611111111,47211.0,45784.0
475,351810.8341435185,353265.37083333335,8.263310185185187,47321.8,45859.0
476,352089.6300925926,353265.37083333335,8.25925925925926,47398.0,46214.0
477,352065.25787037035,353265.37083333335,8.287037037037038,47491.4,46283.0
478,352096.0538194445,353265.37083333335,8.28298611111111,47501.600000000006,46324.0
479,352248.4868055556,353265.37083333335,8.315972222222221,47706.200000000004,46681.0
480,352522.48275462963,353265.37083333335,8.311921296296298,47791.200000000004,47040.0
481,352500.0787037037,353265.37083333335,8.30787037037037,47884.600000000006,47111.0
482,352784.88333333336,353265.37083333335,8.3125,47960.8,47472.0
483,352781.6856481482,353265.37083333335,8.314814814814817,48039.0,47547.0
484,352782.8914351852,353265.37083333335,8.320601851851851,48114.8,47624.0
485,352787.1076388889,353265.37083333335,8.336805555555557,48215.600000000006,47729.0
486,353073.92557870375,353265.37083333335,8.35474537037037,48291.8,48092.0
487,353085.5215277778,353265.37083333335,8.350694444444443,48363.200000000004,48175.0
488,353088.72615740745,353265.37083333335,8.355324074074073,48439.0,48254.0
489,353123.1510416666,353265.37083333335,8.380208333333332,48557.600000000006,48407.0
490,353152.36377314816,353265.37083333335,8.392939814814817,48601.4,48480.0
491,353165.9649305556,353265.37083333335,8.394097222222223,48672.8,48565.0
492,353224.2037037037,353265.37083333335,8.43287037037037,48695.600000000006,48646.0
493,353384.63495370373,353265.37083333335,8.46412037037037,48900.200000000004,49011.0
494,353675.4395833333,353265.37083333335,8.468750000000002,48976.4,49378.0
495,353968.2592592592,353265.37083333335,8.488425925925926,49052.600000000006,49747.0
496,354263.08240740746,353265.37083333335,8.511574074074074,49128.8,50118.0
497,354229.34375,353265.37083333335,8.572916666666666,49239.600000000006,50195.0
498,354397.76689814817,353265.37083333335,8.596064814814815,49444.200000000004,50568.0
499,354415.58310185187,353265.37083333335,8.612268518518519,49501.4,50643.0
500,354421.8027777778,353265.37083333335,8.631944444444445,49602.200000000004,50750.0
501,354592.2322916667,353265.37083333335,8.661458333333334,49806.8,51125.0
502,354764.6704861111,353265.37083333335,8.699652777777779,50011.4,51502.0
503,354939.0681712963,353265.37083333335,8.697337962962962,50216.0,51881.0
504,354930.6728009259,353265.37083333335,8.701967592592592,50311.4,51968.0
505,355040.88553240744,353265.37083333335,8.714699074074073,50356.200000000004,52123.0
506,355336.9133101852,353265.37083333335,8.742476851851851,50441.200000000004,52504.0
507,355515.3329861111,353265.37083333335,8.762152777777777,50645.8,52887.0
508,355695.7642361111,353265.37083333335,8.793402777777777,50850.4,53272.0
509,356006.56712962966,353265.37083333335,8.796296296296296,50926.600000000006,53659.0
510,356190.9902777778,353265.37083333335,8.819444444444443,51131.200000000004,54048.0
511,356243.20474537037,353265.37083333335,8.833912037037035,51188.0,54157.0
512,356371.4024305556,353265.37083333335,8.831597222222221,51216.8,54314.0
513,356707.2423611111,353265.37083333335,8.871527777777777,51272.0,54705.0
514,356895.6620370371,353265.37083333335,8.891203703703704,51476.600000000006,55098.0
515,357205.67476851854,353265.37083333335,8.903935185185185,51561.600000000006,55493.0
516,357593.49097222224,353265.37083333335,8.920138888888888,51570.8,55890.0
517,357613.30717592593,353265.37083333335,8.936342592592592,51628.0,55967.0
518,357696.5471064815,353265.37083333335,8.976273148148147,51703.8,56126.0
519,358932.88703703706,354102.67083333334,9.016203703703702,51703.8,56525.0
520,359129.3269675926,354102.67083333334,9.056134259259258,51908.4,56926.0
521,359327.7414351852,354102.67083333334,9.070601851851853,52113.0,57329.0
522,359677.5796296296,354102.67083333334,9.108796296296296,52168.200000000004,57734.0
523,359671.17731481476,354102.67083333334,9.106481481481481,52263.600000000006,57823.0
524,359873.61724537035,354102.67083333334,9.146412037037038,52468.200000000004,58230.0
525,360691.01666666666,354834.67083333334,9.145833333333334,52473.8,58321.0
526,360895.4363425926,354834.67083333334,9.165509259259258,52678.4,58730.0
527,360949.6577546296,354834.67083333334,9.186921296296296,52735.200000000004,58841.0
528,361156.0670138889,354834.67083333334,9.196180555555555,52939.8,59252.0
529,361141.7017361111,354834.67083333334,9.230902777777777,53033.200000000004,59331.0
530,361165.52314814815,354834.67083333334,9.252314814814815,53090.4,59412.0
531,361373.9341435185,354834.67083333334,9.263310185185185,53295.0,59825.0
532,361467.13703703706,354834.67083333334,9.266203703703704,53362.8,59986.0
533,361474.37002314813,354834.67083333334,9.299189814814815,53438.600000000006,60069.0
534,361684.7642361111,354834.67083333334,9.293402777777777,53643.200000000004,60484.0
535,361796.0024305556,354834.67083333334,9.331597222222221,53695.0,60647.0
536,361805.80185185187,354834.67083333334,9.331018518518517,53764.200000000004,60726.0
537,362018.20300925925,354834.67083333334,9.332175925925926,53968.8,61143.0
538,362051.83252314816,354834.67083333334,9.361689814814815,54048.200000000004,61256.0
539,362110.0539351852,354834.67083333334,9.383101851851851,54105.0,61371.0
540,362199.25682870374,354834.67083333334,9.38599537037037,54180.8,61536.0
541,362306.85625,354834.67083333334,9.385416666666666,54190.200000000004,61653.0
542,362328.49618055555,354834.67083333334,9.425347222222221,54261.600000000006,61746.0
543,362542.91064814816,354834.67083333334,9.439814814814813,54466.200000000004,62165.0
544,362532.52164351847,354834.67083333334,9.450810185185183,54559.600000000006,62248.0
545,362748.9210648148,354834.67083333334,9.450231481481481,54764.200000000004,62669.0
546,362767.1170138889,354834.67083333334,9.446180555555555,54865.0,62788.0
547,362766.7332175926,354834.67083333334,9.46238425925926,54960.4,62883.0
548,362736.3309027778,354834.67083333334,9.460069444444445,55033.8,62926.0
549,362827.5233796296,354834.67083333334,9.452546296296298,55109.600000000006,63093.0
550,363045.9175925926,354834.67083333334,9.446759259259261,55314.200000000004,63516.0
551,363103.32395833335,354834.67083333334,9.453125000000002,55337.8,63597.0
552,363123.51817129634,354834.67083333334,9.447337962962964,55438.600000000006,63718.0
553,363343.94594907406,354834.67083333334,9.475115740740742,55643.200000000004,64143.0
554,363366.18761574075,354834.67083333334,9.516782407407408,55744.0,64266.0
555,363390.4206018519,354834.67083333334,9.549768518518519,55844.8,64391.0
556,363438.03506944445,354834.67083333334,9.564236111111112,55924.200000000004,64518.0
557,363660.47500000003,354834.67083333334,9.604166666666668,56128.8,64945.0
558,364055.0946759259,354834.67083333334,9.623842592592593,56163.200000000004,65374.0
559,364026.6958333333,354834.67083333334,9.625,56236.600000000006,65419.0
560,364253.12881944445,354834.67083333334,9.65798611111111,56441.200000000004,65850.0
561,364354.34849537036,354834.67083333334,9.677662037037036,56509.0,66019.0
562,364582.7513888889,354834.67083333334,9.680555555555555,56713.600000000006,66452.0
563,364853.5296296296,354976.4583333333,9.671296296296296,56713.600000000006,66581.0
564,364938.3608796296,354976.4583333333,9.702546296296296,56759.8,66712.0
565,365014.1857638889,354976.4583333333,9.727430555555555,56769.0,66797.0
566,365244.6239583333,354976.4583333333,9.765625,56973.600000000006,67232.0
567,365477.0552083333,354976.4583333333,9.796875,57178.200000000004,67669.0
568,365839.861574074,354976.4583333333,9.803240740740739,57254.4,68108.0
569,365865.4847222222,354976.4583333333,9.826388888888888,57325.8,68205.0
570,365839.0876157407,354976.4583333333,9.829282407407407,57399.200000000004,68252.0
571,366238.68182870373,354976.4583333333,9.823495370370372,57440.600000000006,68693.0
572,366477.08298611105,354976.4583333333,9.82465277777778,57645.200000000004,69136.0
573,366530.28877314815,354976.4583333333,9.830439814814817,57691.0,69235.0
574,366502.5258101852,354976.4583333333,9.867476851851853,57801.8,69318.0
575,366742.96226851846,354976.4583333333,9.903935185185187,58006.4,69763.0
576,366775.7987268518,354976.4583333333,9.940393518518519,58058.600000000006,69848.0
577,367018.19293981476,354976.4583333333,9.93460648148148,58263.200000000004,70295.0
578,366992.40798611107,354976.4583333333,9.949652777777775,58374.0,70380.0
579,367236.83923611103,354976.4583333333,9.980902777777775,58578.600000000006,70829.0
580,367377.8456018518,354976.4583333333,9.987268518518515,58608.600000000006,71000.0
581,367450.2629629629,354976.4583333333,10.004629629629626,58623.200000000004,71087.0
582,367555.4623842592,354976.4583333333,10.004050925925924,58691.0,71260.0
583,367561.0652777777,354976.4583333333,10.006944444444443,58786.4,71361.0
584,367807.4866898148,354976.4583333333,10.028356481481481,58991.0,71812.0
585,367815.1248842592,354976.4583333333,10.066550925925926,59086.4,71915.0
586,368843.91678240744,355900.4583333333,10.058449074074073,59086.600000000006,72020.0
587,368967.1532407407,355900.4583333333,10.094907407407407,59138.4,72195.0
588,369215.54398148146,355900.4583333333,10.085648148148145,59343.0,72648.0
589,369465.946875,355900.4583333333,10.088541666666664,59547.600000000006,73103.0
590,369718.35960648145,355900.4583333333,10.101273148148145,59752.200000000004,73560.0
591,369972.7607638889,355900.4583333333,10.102430555555554,59956.8,74019.0
592,370348.7653935185,355900.4583333333,10.107060185185183,60041.8,74480.0
593,370360.39664351847,355900.4583333333,10.138310185185183,60137.200000000004,74587.0
594,370416.0180555555,355900.4583333333,10.159722222222221,60190.600000000006,74696.0
595,370674.41226851847,355900.4583333333,10.153935185185183,60395.200000000004,75159.0
596,370822.6030092592,355900.4583333333,10.144675925925924,60424.0,75336.0
597,370972.80069444445,355900.4583333333,10.14236111111111,60452.8,75515.0
598,371004.99490740744,355900.4583333333,10.136574074074073,60553.600000000006,75648.0
599,370983.230787037,355900.4583333333,10.172453703703702,60664.4,75737.0
600,371243.6707175926,355900.4583333333,10.21238425925926,60869.0,76202.0
601,371506.0799768518,355900.4583333333,10.221643518518519,61073.600000000006,76669.0
602,371540.87766203703,355900.4583333333,10.219328703703706,61125.8,76756.0
603,372787.77997685183,356971.9583333333,10.221643518518519,61131.4,76937.0
604,373222.3961805556,356971.9583333333,10.237847222222221,61165.8,77406.0
605,373286.82743055554,356971.9583333333,10.269097222222221,61284.4,77589.0
606,373353.265625,356971.9583333333,10.307291666666668,61403.0,77774.0
607,373420.69050925924,356971.9583333333,10.332175925925924,61426.600000000006,77865.0
608,373498.9287037037,356971.9583333333,10.37037037037037,61483.4,78000.0
609,373535.16689814813,356971.9583333333,10.408564814814813,61584.200000000004,78137.0
610,373801.6050925926,356971.9583333333,10.44675925925926,61788.8,78608.0
611,374070.0265046296,356971.9583333333,10.468171296296294,61993.4,79081.0
612,374063.6427083333,356971.9583333333,10.484375,62086.8,79168.0
613,374121.23344907403,356971.9583333333,10.47511574074074,62140.200000000004,79279.0
614,374179.4513888889,356971.9583333333,10.493055555555555,62171.0,79368.0
615,374177.0947916666,356971.9583333333,10.536458333333332,62264.4,79459.0
616,374625.5162037037,356971.9583333333,10.55787037037037,62291.0,79934.0
617,374685.1561342592,356971.9583333333,10.597800925925926,62344.4,80047.0
618,374704.39606481476,356971.9583333333,10.637731481481481,62374.200000000004,80096.0
619,374976.8105324074,356971.9583333333,10.652199074074073,62578.8,80573.0
620,374959.05798611103,356971.9583333333,10.699652777777777,62689.600000000006,80666.0
621,375233.47939814813,356971.9583333333,10.721064814814813,62894.200000000004,81145.0
622,375233.1175925926,356971.9583333333,10.759259259259258,62987.600000000006,81238.0
623,375217.33611111104,356971.9583333333,10.777777777777777,63098.4,81333.0
624,375493.7488425926,356971.9583333333,10.79050925925926,63303.0,81814.0
625,375891.74131944444,356971.9583333333,10.78298611111111,63388.0,82297.0
626,376002.9829861111,356971.9583333333,10.824652777777777,63463.8,82484.0
627,376283.4009259259,356971.9583333333,10.842592592592593,63668.4,82969.0
628,376565.82407407404,356971.9583333333,10.86574074074074,63873.0,83456.0
629,376850.2269675926,356971.9583333333,10.86863425925926,64077.600000000006,83945.0
630,377659.190625,357671.5208333333,10.869791666666668,64083.200000000004,84060.0
631,377680.8305555555,357671.5208333333,10.909722222222223,64178.600000000006,84177.0
632,377967.22476851847,357671.5208333333,10.903935185185185,64383.200000000004,84668.0
633,377953.46875,357671.5208333333,10.947916666666668,64494.0,84765.0
634,377955.1052083333,357671.5208333333,10.984375,64587.4,84860.0
635,378047.8976851852,357671.5208333333,10.976851851851851,64633.600000000006,84999.0
636,378084.6971064815,357671.5208333333,10.976273148148149,64685.8,85088.0
637,378088.29652777774,357671.5208333333,10.975694444444445,64779.200000000004,85185.0
638,380450.13472222217,359844.5208333333,11.013888888888888,64779.4,85374.0
639,380738.5509259259,359844.5208333333,11.030092592592593,64984.0,85867.0
640,380726.77465277776,359844.5208333333,11.053819444444445,65094.8,85966.0
641,380821.7769675926,359844.5208333333,11.056134259259261,65100.8,86067.0
642,381309.4134259259,359844.5208333333,11.092592592592593,65108.200000000004,86562.0
643,381349.6296296296,359844.5208333333,11.108796296296296,65209.0,86703.0
644,381642.0626157407,359844.5208333333,11.14178240740741,65413.600000000006,87200.0
645,381721.47997685184,359844.5208333333,11.15914351851852,65437.200000000004,87303.0
646,381844.7129629629,359844.5208333333,11.192129629629632,65505.0,87494.0
647,381880.5256944444,359844.5208333333,11.204861111111112,65574.2,87599.0
648,381997.7181712963,359844.5208333333,11.197337962962964,65650.0,87792.0
649,382074.1563657407,359844.5208333333,11.235532407407408,65768.6,87987.0
650,382368.55231481476,359844.5208333333,11.231481481481481,65973.2,88486.0
651,382410.7702546296,359844.5208333333,11.249421296296296,66074.0,88629.0
652,382406.99108796293,359844.5208333333,11.27025462962963,66184.8,88736.0
653,382451.187037037,359844.5208333333,11.266203703703702,66285.6,88881.0
654,382529.61018518516,359844.5208333333,11.289351851851851,66404.2,89078.0
655,382647.6217592592,359844.5208333333,11.300925925925926,66433.2,89225.0
656,382944.04953703703,359844.5208333333,11.328703703703704,66637.8,89726.0
657,382954.4912037037,359844.5208333333,11.370370370370372,66678.40000000001,89777.0
658,383034.927662037,359844.5208333333,11.406828703703704,66797.0,89976.0
659,383100.5288194444,359844.5208333333,11.40798611111111,66850.40000000001,90095.0
660,387648.3357638889,364196.92083333334,11.414930555555555,66856.0,90296.0
661,387715.9369212963,364196.92083333334,11.416087962962962,66909.40000000001,90417.0
662,387800.35833333334,364196.92083333334,11.4375,67028.0,90620.0
663,387886.7895833333,364196.92083333334,11.46875,67146.6,90825.0
664,387989.58553240745,364196.92083333334,11.464699074074074,67192.8,90974.0
665,388002.00694444444,364196.92083333334,11.48611111111111,67233.40000000001,91027.0
666,388300.446875,364196.92083333334,11.526041666666666,67438.0,91530.0
667,388339.26828703703,364196.92083333334,11.547453703703702,67490.2,91621.0
668,388344.88101851847,364196.92083333334,11.560185185185183,67583.6,91720.0
669,388808.5024305556,364196.92083333334,11.581597222222221,67625.0,92225.0
670,389239.30185185187,364196.92083333334,11.581018518518519,67701.2,92732.0
671,389237.5226851852,364196.92083333334,11.601851851851851,67812.0,92841.0
672,389219.1440972222,364196.92083333334,11.623263888888888,67885.40000000001,92896.0
673,389290.74525462964,364196.92083333334,11.624421296296294,67964.8,93047.0
674,389307.94120370375,364196.92083333334,11.620370370370368,68040.6,93140.0
675,389385.1550925926,364196.92083333334,11.634259259259258,68086.40000000001,93263.0
676,389817.9614583333,364196.92083333334,11.640625,68162.6,93772.0
677,389818.1915509259,364196.92083333334,11.670717592592592,68273.40000000001,93883.0
678,390124.59270833334,364196.92083333334,11.671875,68478.0,94394.0
679,390255.8309027778,364196.92083333334,11.710069444444445,68553.8,94601.0
680,390443.6332175926,364196.92083333334,11.712384259259258,68575.0,94810.0
681,390445.8795138889,364196.92083333334,11.758680555555554,68685.8,94923.0
682,390628.11423611105,364196.92083333334,11.793402777777777,68714.6,95134.0
683,390722.55590277776,364196.92083333334,11.835069444444443,68833.2,95347.0
684,391201.1553240741,364196.92083333334,11.834490740740739,68867.6,95860.0
685,391511.55127314816,364196.92083333334,11.830439814814813,69072.2,96375.0
686,391823.96574074076,364196.92083333334,11.844907407407405,69276.8,96892.0
687,392138.40393518517,364196.92083333334,11.88310185185185,69481.40000000001,97411.0
688,397594.81875000003,369501.13333333336,11.885416666666664,69482.2,97564.0
689,397666.4199074075,369501.13333333336,11.886574074074073,69535.6,97689.0
690,397712.22222222225,369501.13333333336,11.888888888888888,69604.8,97804.0
691,400693.7552083334,372355.63333333336,11.921874999999998,69604.8,97931.0
692,401180.3951388889,372355.63333333336,11.961805555555554,69639.2,98452.0
693,401661.99629629636,372355.63333333336,11.962962962962962,69680.6,98975.0
694,401982.4396990741,372355.63333333336,12.006365740740739,69885.2,99500.0
695,402488.46921296295,372355.63333333336,12.035879629629628,69906.2,100027.0
696,402507.6923611111,372355.63333333336,12.059027777777777,69982.0,100122.0
697,402603.11898148153,372355.63333333336,12.085648148148147,69987.6,100223.0
698,402657.33865740744,372355.63333333336,12.105324074074073,70088.40000000001,100378.0
699,402734.95312500006,372355.63333333336,12.119791666666666,70167.8,100535.0
700,402837.147337963,372355.63333333336,12.114004629629628,70224.6,100694.0
