source_file,experiment,setting,case,num_nodes,num_domains,seed,wan_mb_s,ablation,accepted,excluded,mean_ready_s,p95_ready_s,makespan_s,registry_mb,peer_mb,same_domain_peer_mb,cross_domain_peer_mb,p2p_offload_pct,peak_link_utilization,p95_link_utilization,wan_busy_time_s,avg_layer_transfer_s,evicted_mb,not_preserved_mb,pulse_ms,scout_ms,keep_ms,scheduler_runtime_ms,scheduling_cycles,pulse_selected_total,keep_virtual_queue,wall_runtime_s,keep_retained_new_pairs,keep_reused_retained_pairs,keep_retained_reuse_pct,keep_rejected_pairs,keep_rejected_then_needed,keep_rejected_needed_pct,baseline,warmup_requests,target_requests,refused_cache_mb,algorithm_runtime_ms
keep/V_1e7/seed1/cider/raw.csv,keep,V_1e7,cider_nodes40_domains8_req800_weak,40,8,1,250.0,full,400,0,11.147901338242132,54.83504201136514,195.8122895608041,27285.0,20976.0,18434.0,2542.0,43.46366631441536,1.0,1.0,144.38325923970095,2.640684775524329,17514.0,23930.0,490.8029735088349,671.7177256941795,8899.223744869232,10061.744444072248,130.0,1331.0,881.4759240968865,12.179086968302729,898.0,96.0,10.69042316258352,142.0,110.0,77.46478873239437,,,,,
keep/V_1e8/seed1/cider/raw.csv,keep,V_1e8,cider_nodes40_domains8_req800_weak,40,8,1,250.0,full,400,0,12.688577569706911,64.20178886289108,233.84688481062068,27821.0,20685.0,19208.0,1477.0,42.644208963839525,1.0,1.0,149.23005927680938,2.852830811907249,21150.0,23988.0,536.3586321473122,683.1488609313965,8793.134175240993,10012.641668319702,119.0,1318.0,0.0,12.11730583757162,925.0,107.0,11.567567567567568,129.0,91.0,70.54263565891473,,,,,
keep/V_2e7/seed1/cider/raw.csv,keep,V_2e7,cider_nodes40_domains8_req800_weak,40,8,1,250.0,full,400,0,10.7823804388482,50.9485516112041,191.52569940633987,28117.0,19960.0,17511.0,2449.0,41.51673357322628,1.0,1.0,140.33212190376491,2.547674483998516,17137.0,23876.0,499.6054247021675,669.487901031971,8990.012839436531,10159.10616517067,133.0,1341.0,2263.464447266498,12.23588901013136,908.0,96.0,10.572687224669604,144.0,118.0,81.94444444444444,,,,,
keep/V_3e6/seed1/cider/raw.csv,keep,V_3e6,cider_nodes40_domains8_req800_weak,40,8,1,250.0,full,400,0,10.880469819638847,52.68245398173562,192.07444455147595,27485.0,20737.0,18681.0,2056.0,43.00319356310398,1.0,1.0,142.64204836638885,2.579074778967884,16307.0,24850.0,484.8448038101196,651.6067683696747,8976.153157651424,10112.60472983122,128.0,1366.0,1156.152675496106,12.205729216337204,883.0,92.0,10.41902604756512,157.0,120.0,76.43312101910828,,,,,
keep/V_3e7/seed1/cider/raw.csv,keep,V_3e7,cider_nodes40_domains8_req800_weak,40,8,1,250.0,full,400,0,11.630438263134844,52.73036688816765,236.67298425503105,27471.0,19505.0,17322.0,2183.0,41.52120231607629,1.0,1.0,146.7613632132292,2.5770361975553766,19562.0,22032.0,464.822456240654,668.1099981069565,8593.497656285763,9726.430110633371,128.0,1345.0,0.0,11.802791893482208,917.0,102.0,11.123227917121048,145.0,92.0,63.44827586206897,,,,,
keep/V_5e6/seed1/cider/raw.csv,keep,V_5e6,cider_nodes40_domains8_req800_weak,40,8,1,250.0,full,400,0,11.608768252841507,54.3915196919371,200.3882835403452,27141.0,20909.0,18839.0,2070.0,43.51508844953174,1.0,1.0,158.7041430036561,2.6979406684899763,17353.0,24093.0,487.1210977435112,659.0450927615166,8712.208122015,9858.374312520027,128.0,1317.0,0.0,11.946979738771915,901.0,93.0,10.321864594894562,135.0,101.0,74.81481481481481,,,,,
keep/V_5e7/seed1/cider/raw.csv,keep,V_5e7,cider_nodes40_domains8_req800_weak,40,8,1,250.0,full,400,0,11.088937671548962,54.26795061021285,234.6472197138971,27730.0,20117.0,18310.0,1807.0,42.044433297803415,1.0,1.0,148.16929084096495,2.704440029005365,19529.0,23103.0,450.0542357563973,668.7383875250816,8903.539441525936,10022.332064807417,125.0,1317.0,0.0,12.125402554869652,926.0,100.0,10.799136069114471,130.0,88.0,67.6923076923077,,,,,
keep/V_7e7/seed1/cider/raw.csv,keep,V_7e7,cider_nodes40_domains8_req800_weak,40,8,1,250.0,full,400,0,11.859037966450524,53.850913354272606,233.3598767748176,28820.0,20083.0,18118.0,1965.0,41.067010203872975,1.0,1.0,148.23771035959214,2.712843425392934,20527.0,22316.0,509.8242536187172,679.9929365515709,8867.536127567291,10057.35331773758,123.0,1344.0,0.0,12.282859809696674,940.0,104.0,11.063829787234043,135.0,99.0,73.33333333333333,,,,,
peer/peer12p5/seed1/baselines/raw.csv,peer,peer12p5,cider_nodes40_domains8_req800_weak,40,8,1,250.0,,400,0,28.558544176810425,105.52137625261624,172.02104375089,41899.0,0.0,0.0,0.0,0.0,1.0,0.2455482109357351,171.02354934947675,,35439.0,,,,,,,,,,,,,,,,registry,400.0,400.0,0.0,2726.1468544602394
peer/peer12p5/seed1/baselines/raw.csv,peer,peer12p5,cider_nodes40_domains8_req800_weak,40,8,1,250.0,,400,0,26.61710277004326,133.59975527131965,214.8338658055725,3236.0,34948.0,8047.0,26901.0,91.52524617640896,1.0,1.0,56.50302439591373,,28657.0,,,,,,,,,,,,,,,,dragonfly_style,400.0,400.0,1805.0,4729.131609201431
peer/peer12p5/seed1/baselines/raw.csv,peer,peer12p5,cider_nodes40_domains8_req800_weak,40,8,1,250.0,,400,0,60.50752048156412,366.3732895443523,763.2120654287405,17934.0,29088.0,18004.0,11084.0,61.86040576751308,1.0,0.125,150.20400978484622,,37035.0,,,,,,,,,,,,,,,,peersync_style,400.0,400.0,2321.0,6986.427731812
peer/peer12p5/seed1/baselines/raw.csv,peer,peer12p5,cider_nodes40_domains8_req800_weak,40,8,1,250.0,,400,0,39.114647509141456,302.5636676814993,395.823888466923,26488.0,19713.0,3928.0,15785.0,42.66790762104716,1.0,0.3142551851851851,157.0193379289308,,35929.0,,,,,,,,,,,,,,,,metapipe_reactive_style,400.0,400.0,1805.0,5067.0579597353935
peer/peer12p5/seed1/baselines/raw.csv,peer,peer12p5,cider_nodes40_domains8_req800_weak,40,8,1,250.0,,400,0,28.58804310354585,105.19592524791442,174.6951203111205,42514.0,0.0,0.0,0.0,0.0,1.0,0.2432918358558641,173.69762590970734,,36112.0,,,,,,,,,,,,,,,,ilrsa_style,400.0,400.0,0.0,2484.134390950203
peer/peer12p5/seed1/cider/raw.csv,peer,peer12p5,cider_nodes40_domains8_req800_weak,40,8,1,250.0,full,400,0,10.880469819638847,52.68245398173562,192.07444455147595,27485.0,20737.0,18681.0,2056.0,43.00319356310398,1.0,1.0,142.64204836638885,2.579074778967884,16307.0,24850.0,492.5045520067215,665.4070466756821,8920.474618673325,10078.386217355728,128.0,1366.0,1156.152675496106,12.164737440645697,883.0,92.0,10.41902604756512,157.0,120.0,76.43312101910828,,,,,
peer/peer18p75/seed1/baselines/raw.csv,peer,peer18p75,cider_nodes40_domains8_req800_weak,40,8,1,250.0,,400,0,28.558544176810425,105.52137625261624,172.02104375089,41899.0,0.0,0.0,0.0,0.0,1.0,0.2455482109357351,171.02354934947675,,35439.0,,,,,,,,,,,,,,,,registry,400.0,400.0,0.0,2724.234402179718
peer/peer18p75/seed1/baselines/raw.csv,peer,peer18p75,cider_nodes40_domains8_req800_weak,40,8,1,250.0,,400,0,13.431446608920112,75.74269979038947,164.43283942837795,3450.0,37888.0,10233.0,27655.0,91.65416807779766,1.0,1.0,66.72646031317011,,32449.0,,,,,,,,,,,,,,,,dragonfly_style,400.0,400.0,1346.0,3629.1603073477754
peer/peer18p75/seed1/baselines/raw.csv,peer,peer18p75,cider_nodes40_domains8_req800_weak,40,8,1,250.0,,400,0,20.08990304252572,130.01804065103985,205.48448860364195,16804.0,27717.0,14688.0,13029.0,62.25601401585769,1.0,1.0,131.19163189502336,,36411.0,,,,,,,,,,,,,,,,peersync_style,400.0,400.0,547.0,5163.18391263485
peer/peer18p75/seed1/baselines/raw.csv,peer,peer18p75,cider_nodes40_domains8_req800_weak,40,8,1,250.0,,400,0,12.798319923772764,83.73994087262638,214.1628405055502,23545.0,23317.0,8287.0,15030.0,49.75673253382271,1.0,1.0,140.51773920901988,,38844.0,,,,,,,,,,,,,,,,metapipe_reactive_style,400.0,400.0,459.0,3324.2442533373837
peer/peer18p75/seed1/baselines/raw.csv,peer,peer18p75,cider_nodes40_domains8_req800_weak,40,8,1,250.0,,400,0,28.58804310354585,105.19592524791442,174.6951203111205,42514.0,0.0,0.0,0.0,0.0,1.0,0.2432918358558641,173.69762590970734,,36112.0,,,,,,,,,,,,,,,,ilrsa_style,400.0,400.0,0.0,2492.237515747547
peer/peer18p75/seed1/cider/raw.csv,peer,peer18p75,cider_nodes40_domains8_req800_weak,40,8,1,250.0,full,400,0,10.9862913962294,52.072891597769406,163.797352003706,24030.0,26213.0,21687.0,4526.0,52.17244193220946,1.0,1.0,131.92702335629977,2.3070733083172845,17075.0,27164.0,384.6859857439995,587.1081799268723,8989.642105996609,9961.43627166748,123.0,1354.0,4412.716557661607,12.134633339941502,906.0,90.0,9.933774834437086,133.0,93.0,69.92481203007519,,,,,
peer/peer25/seed1/baselines/raw.csv,peer,peer25,cider_nodes40_domains8_req800_weak,40,8,1,250.0,,400,0,28.558544176810425,105.52137625261624,172.02104375089,41899.0,0.0,0.0,0.0,0.0,1.0,0.2455482109357351,171.02354934947675,,35439.0,,,,,,,,,,,,,,,,registry,400.0,400.0,0.0,2776.5011116862297
peer/peer25/seed1/baselines/raw.csv,peer,peer25,cider_nodes40_domains8_req800_weak,40,8,1,250.0,,400,0,10.140226300412424,57.56588421618153,179.35386580557028,4407.0,44633.0,9932.0,34701.0,91.01345840130506,1.0,1.0,76.80363875295656,,37944.0,,,,,,,,,,,,,,,,dragonfly_style,400.0,400.0,2604.0,3476.9176989793777
peer/peer25/seed1/baselines/raw.csv,peer,peer25,cider_nodes40_domains8_req800_weak,40,8,1,250.0,,400,0,10.876508068515376,53.49546718392015,162.30433212582335,14325.0,33317.0,16804.0,16513.0,69.9319927794803,1.0,1.0,118.94987995304784,,36731.0,,,,,,,,,,,,,,,,peersync_style,400.0,400.0,3339.0,4531.001023948193
peer/peer25/seed1/baselines/raw.csv,peer,peer25,cider_nodes40_domains8_req800_weak,40,8,1,250.0,,400,0,10.63161410918989,58.39912615953361,153.1036552703078,18712.0,28191.0,7774.0,20417.0,60.104897341321454,1.0,1.0,119.14248072136309,,37934.0,,,,,,,,,,,,,,,,metapipe_reactive_style,400.0,400.0,459.0,3117.0494854450226
peer/peer25/seed1/baselines/raw.csv,peer,peer25,cider_nodes40_domains8_req800_weak,40,8,1,250.0,,400,0,28.58804310354585,105.19592524791442,174.6951203111205,42514.0,0.0,0.0,0.0,0.0,1.0,0.2432918358558641,173.69762590970734,,36112.0,,,,,,,,,,,,,,,,ilrsa_style,400.0,400.0,0.0,2533.4693267941475
peer/peer25/seed1/cider/raw.csv,peer,peer25,cider_nodes40_domains8_req800_weak,40,8,1,250.0,full,400,0,7.701838804416045,35.11368253608758,160.5563013893916,22577.0,31575.0,24352.0,7223.0,58.308095730536266,1.0,1.0,123.83685836854058,2.176003710737,19229.0,28518.0,256.2461793422699,614.2736375331879,10537.734985351562,11408.25480222702,125.0,1343.0,6142.874149808788,13.728829339146614,900.0,147.0,16.333333333333332,126.0,74.0,58.73015873015873,,,,,
peer/peer31p25/seed1/baselines/raw.csv,peer,peer31p25,cider_nodes40_domains8_req800_weak,40,8,1,250.0,,400,0,28.558544176810425,105.52137625261624,172.02104375089,41899.0,0.0,0.0,0.0,0.0,1.0,0.2455482109357351,171.02354934947675,,35439.0,,,,,,,,,,,,,,,,registry,400.0,400.0,0.0,2778.27288210392
peer/peer31p25/seed1/baselines/raw.csv,peer,peer31p25,cider_nodes40_domains8_req800_weak,40,8,1,250.0,,400,0,7.786864996213143,41.74159604153939,160.5322263706586,4978.0,45969.0,12951.0,33018.0,90.22906157379238,1.0,1.0,74.669790078901,,40768.0,,,,,,,,,,,,,,,,dragonfly_style,400.0,400.0,2604.0,3094.990000128746
peer/peer31p25/seed1/baselines/raw.csv,peer,peer31p25,cider_nodes40_domains8_req800_weak,40,8,1,250.0,,400,0,7.678707907075384,45.14812801526322,174.89795772175438,14736.0,36294.0,19191.0,17103.0,71.12286890064668,1.0,1.0,114.75871799614012,,41488.0,,,,,,,,,,,,,,,,peersync_style,400.0,400.0,2321.0,3753.4705251455302
peer/peer31p25/seed1/baselines/raw.csv,peer,peer31p25,cider_nodes40_domains8_req800_weak,40,8,1,250.0,,400,0,7.311330379589546,40.66376525891481,144.8444186220962,17599.0,28959.0,7253.0,21706.0,62.19983676274754,1.0,1.0,122.07505892129846,,36312.0,,,,,,,,,,,,,,,,metapipe_reactive_style,400.0,400.0,3491.0,2748.9182129502296
peer/peer31p25/seed1/baselines/raw.csv,peer,peer31p25,cider_nodes40_domains8_req800_weak,40,8,1,250.0,,400,0,28.58804310354585,105.19592524791442,174.6951203111205,42514.0,0.0,0.0,0.0,0.0,1.0,0.2432918358558641,173.69762590970734,,36112.0,,,,,,,,,,,,,,,,ilrsa_style,400.0,400.0,0.0,2533.247783780098
peer/peer31p25/seed1/cider/raw.csv,peer,peer31p25,cider_nodes40_domains8_req800_weak,40,8,1,250.0,full,400,0,6.014036004256087,25.347620082384847,157.89667047179285,19503.0,35445.0,25956.0,9489.0,64.50644245468443,1.0,1.0,114.10598732703856,1.873584674210588,18790.0,29837.0,210.87145805358887,608.9332178235054,10367.341972887516,11187.14664876461,155.0,1374.0,5733.004594948508,13.574891291558744,917.0,150.0,16.357688113413303,148.0,105.0,70.94594594594595,,,,,
peer/peer37p5/seed1/baselines/raw.csv,peer,peer37p5,cider_nodes40_domains8_req800_weak,40,8,1,250.0,,400,0,28.558544176810425,105.52137625261624,172.02104375089,41899.0,0.0,0.0,0.0,0.0,1.0,0.2455482109357351,171.02354934947675,,35439.0,,,,,,,,,,,,,,,,registry,400.0,400.0,0.0,2739.383645355701
peer/peer37p5/seed1/baselines/raw.csv,peer,peer37p5,cider_nodes40_domains8_req800_weak,40,8,1,250.0,,400,0,6.577653232546248,36.86655249736047,153.81709580432607,4230.0,47110.0,13898.0,33212.0,91.76081028437864,1.0,1.0,69.76089196445677,,41577.0,,,,,,,,,,,,,,,,dragonfly_style,400.0,400.0,1346.0,2791.991263628006
peer/peer37p5/seed1/baselines/raw.csv,peer,peer37p5,cider_nodes40_domains8_req800_weak,40,8,1,250.0,,400,0,6.674779235021659,37.72057113043365,163.1536928798406,13023.0,40451.0,18230.0,22221.0,75.64610838912368,1.0,1.0,112.92874468255756,,39896.0,,,,,,,,,,,,,,,,peersync_style,400.0,400.0,4925.0,3475.0803634524345
peer/peer37p5/seed1/baselines/raw.csv,peer,peer37p5,cider_nodes40_domains8_req800_weak,40,8,1,250.0,,400,0,6.54007511058465,32.72075610502265,152.81780765062402,15823.0,34385.0,9123.0,25262.0,68.48510197578075,1.0,1.0,118.0171829436975,,40076.0,,,,,,,,,,,,,,,,metapipe_reactive_style,400.0,400.0,1717.0,2732.576407492161
peer/peer37p5/seed1/baselines/raw.csv,peer,peer37p5,cider_nodes40_domains8_req800_weak,40,8,1,250.0,,400,0,28.58804310354585,105.19592524791442,174.6951203111205,42514.0,0.0,0.0,0.0,0.0,1.0,0.2432918358558641,173.69762590970734,,36112.0,,,,,,,,,,,,,,,,ilrsa_style,400.0,400.0,0.0,2510.5307921767235
peer/peer37p5/seed1/cider/raw.csv,peer,peer37p5,cider_nodes40_domains8_req800_weak,40,8,1,250.0,full,400,0,4.564835716676795,19.80093310243135,141.5326556502739,18044.0,38144.0,27029.0,11115.0,67.8863814337581,1.0,1.0,114.3599043406538,1.6670826193931152,19349.0,30960.0,203.46443355083463,577.4141773581505,11008.980616927149,11789.859227836132,194.0,1399.0,8354.503693176383,14.215908288955688,926.0,193.0,20.84233261339093,123.0,93.0,75.60975609756098,,,,,
peer/peer43p75/seed1/baselines/raw.csv,peer,peer43p75,cider_nodes40_domains8_req800_weak,40,8,1,250.0,,400,0,28.558544176810425,105.52137625261624,172.02104375089,41899.0,0.0,0.0,0.0,0.0,1.0,0.2455482109357351,171.02354934947675,,35439.0,,,,,,,,,,,,,,,,registry,400.0,400.0,0.0,2719.5246815681458
peer/peer43p75/seed1/baselines/raw.csv,peer,peer43p75,cider_nodes40_domains8_req800_weak,40,8,1,250.0,,400,0,4.910049799302247,20.524243050294217,141.77184604592327,4823.0,48072.0,13438.0,34634.0,90.8819359107666,1.0,1.0,71.72663903629271,,43141.0,,,,,,,,,,,,,,,,dragonfly_style,400.0,400.0,1717.0,2773.3668982982635
peer/peer43p75/seed1/baselines/raw.csv,peer,peer43p75,cider_nodes40_domains8_req800_weak,40,8,1,250.0,,400,0,4.612712463119564,20.57205261809321,138.09107491354564,11051.0,41151.0,18262.0,22889.0,78.83031301482701,1.0,1.0,108.15843002402757,,39002.0,,,,,,,,,,,,,,,,peersync_style,400.0,400.0,5542.0,3164.863765239716
peer/peer43p75/seed1/baselines/raw.csv,peer,peer43p75,cider_nodes40_domains8_req800_weak,40,8,1,250.0,,400,0,5.01970078767726,20.29751524988133,137.11876815490407,16581.0,35483.0,11577.0,23906.0,68.15265826674862,1.0,1.0,121.41511314707824,,42662.0,,,,,,,,,,,,,,,,metapipe_reactive_style,400.0,400.0,1805.0,2713.953346014023
peer/peer43p75/seed1/baselines/raw.csv,peer,peer43p75,cider_nodes40_domains8_req800_weak,40,8,1,250.0,,400,0,28.58804310354585,105.19592524791442,174.6951203111205,42514.0,0.0,0.0,0.0,0.0,1.0,0.2432918358558641,173.69762590970734,,36112.0,,,,,,,,,,,,,,,,ilrsa_style,400.0,400.0,0.0,2481.9906800985336
peer/peer43p75/seed1/cider/raw.csv,peer,peer43p75,cider_nodes40_domains8_req800_weak,40,8,1,250.0,full,400,0,4.476784062172495,20.32629102678974,146.21681486461137,14242.0,42115.0,29531.0,12584.0,74.72896002271236,1.0,1.0,109.18999705121291,1.5796986120170442,19856.0,30282.0,210.68837493658063,576.8809095025063,11115.189261734486,11902.758546173573,201.0,1418.0,5318.776686025753,14.355247639119623,925.0,189.0,20.43243243243243,126.0,102.0,80.95238095238095,,,,,
peer/peer50/seed1/baselines/raw.csv,peer,peer50,cider_nodes40_domains8_req800_weak,40,8,1,250.0,,400,0,28.558544176810425,105.52137625261624,172.02104375089,41899.0,0.0,0.0,0.0,0.0,1.0,0.2455482109357351,171.02354934947675,,35439.0,,,,,,,,,,,,,,,,registry,400.0,400.0,0.0,2762.199081480503
peer/peer50/seed1/baselines/raw.csv,peer,peer50,cider_nodes40_domains8_req800_weak,40,8,1,250.0,,400,0,4.154933006846679,18.184443425949706,135.5567891992599,4936.0,49764.0,13411.0,36353.0,90.9762340036563,1.0,1.0,74.51315157432893,,45091.0,,,,,,,,,,,,,,,,dragonfly_style,400.0,400.0,1805.0,2812.419764697552
peer/peer50/seed1/baselines/raw.csv,peer,peer50,cider_nodes40_domains8_req800_weak,40,8,1,250.0,,400,0,4.182257874536602,18.34254773093324,135.96439278948475,10271.0,45165.0,17786.0,27379.0,81.47232845082618,1.0,1.0,108.03323881748528,,46674.0,,,,,,,,,,,,,,,,peersync_style,400.0,400.0,1006.0,3224.0233048796654
peer/peer50/seed1/baselines/raw.csv,peer,peer50,cider_nodes40_domains8_req800_weak,40,8,1,250.0,,400,0,4.805539175328562,21.54859550474156,143.88142749329546,13262.0,42292.0,12718.0,29574.0,76.12773157648414,1.0,1.0,114.91363465156056,,41950.0,,,,,,,,,,,,,,,,metapipe_reactive_style,400.0,400.0,4894.0,2774.6849805116653
peer/peer50/seed1/baselines/raw.csv,peer,peer50,cider_nodes40_domains8_req800_weak,40,8,1,250.0,,400,0,28.58804310354585,105.19592524791442,174.6951203111205,42514.0,0.0,0.0,0.0,0.0,1.0,0.2432918358558641,173.69762590970734,,36112.0,,,,,,,,,,,,,,,,ilrsa_style,400.0,400.0,0.0,2460.7509821653366
peer/peer50/seed1/cider/raw.csv,peer,peer50,cider_nodes40_domains8_req800_weak,40,8,1,250.0,full,400,0,4.938220618830623,19.90043685329576,138.61395772175433,13371.0,41441.0,27505.0,13936.0,75.60570677953733,1.0,1.0,110.52593500360396,1.5679952088101956,19890.0,29839.0,216.49714559316635,532.2883352637291,10611.447028815746,11360.232509672642,205.0,1334.0,6940.102132454307,13.731914781033993,905.0,171.0,18.895027624309392,142.0,107.0,75.35211267605634,,,,,
rtt/rtt0p5/seed1/baselines/raw.csv,rtt,rtt0p5,cider_nodes40_domains8_req800_weak,40,8,1,250.0,,400,0,28.639227200386333,105.76641209012294,172.0196598965441,41899.0,0.0,0.0,0.0,0.0,1.0,0.2463928092722542,171.03641549513097,,35441.0,,,,,,,,,,,,,,,,registry,400.0,400.0,0.0,2736.855648458004
rtt/rtt0p5/seed1/baselines/raw.csv,rtt,rtt0p5,cider_nodes40_domains8_req800_weak,40,8,1,250.0,,400,0,26.941039841333307,134.17873826590971,214.83161580557243,3167.0,35013.0,7670.0,27343.0,91.70508119434258,1.0,1.0,55.51571413960482,,28893.0,,,,,,,,,,,,,,,,dragonfly_style,400.0,400.0,1805.0,4772.062391042709
rtt/rtt0p5/seed1/baselines/raw.csv,rtt,rtt0p5,cider_nodes40_domains8_req800_weak,40,8,1,250.0,,400,0,60.48528247849867,366.3530395443544,763.1565654287424,18035.0,28970.0,17987.0,10983.0,61.63174130411658,1.0,0.125,151.58530295249662,,36990.0,,,,,,,,,,,,,,,,peersync_style,400.0,400.0,2321.0,7024.832226336002
rtt/rtt0p5/seed1/baselines/raw.csv,rtt,rtt0p5,cider_nodes40_domains8_req800_weak,40,8,1,250.0,,400,0,37.519195663683696,302.561417681499,377.51773961686825,25747.0,20454.0,3470.0,16984.0,44.2717690093288,1.0,0.342961873614434,139.96330132297868,,35929.0,,,,,,,,,,,,,,,,metapipe_reactive_style,400.0,400.0,1805.0,4955.009520053864
rtt/rtt0p5/seed1/baselines/raw.csv,rtt,rtt0p5,cider_nodes40_domains8_req800_weak,40,8,1,250.0,,400,0,28.580637495561067,105.29380537146928,174.67796420340724,42514.0,0.0,0.0,0.0,0.0,1.0,0.2430555555555555,173.69471980199407,,36112.0,,,,,,,,,,,,,,,,ilrsa_style,400.0,400.0,0.0,2512.067854404449
rtt/rtt0p5/seed1/cider/raw.csv,rtt,rtt0p5,cider_nodes40_domains8_req800_weak,40,8,1,250.0,full,400,0,10.990847615559565,48.81708647434884,237.03276127446415,27838.0,20692.0,18209.0,2483.0,42.63754378734803,1.0,1.0,138.2070366244024,2.59245589867344,17735.0,25295.0,519.5739194750786,659.6824750304222,9101.19477659464,10280.45117110014,125.0,1376.0,0.0,12.362809374928474,890.0,94.0,10.561797752808989,153.0,118.0,77.12418300653594,,,,,
rtt/rtt0p75/seed1/baselines/raw.csv,rtt,rtt0p75,cider_nodes40_domains8_req800_weak,40,8,1,250.0,,400,0,28.631674314558765,105.66177983780057,172.0110812945037,41899.0,0.0,0.0,0.0,0.0,1.0,0.2460662213414874,171.02071189309055,,35439.0,,,,,,,,,,,,,,,,registry,400.0,400.0,0.0,2742.604397237301
rtt/rtt0p75/seed1/baselines/raw.csv,rtt,rtt0p75,cider_nodes40_domains8_req800_weak,40,8,1,250.0,,400,0,26.469024484674392,134.0323706047421,214.832740805568,3060.0,35184.0,8232.0,26952.0,91.99874490116096,1.0,1.0,50.15184326636803,,28657.0,,,,,,,,,,,,,,,,dragonfly_style,400.0,400.0,918.0,4653.412766754627
rtt/rtt0p75/seed1/baselines/raw.csv,rtt,rtt0p75,cider_nodes40_domains8_req800_weak,40,8,1,250.0,,400,0,60.465856864396216,366.3631645443545,763.1843154287426,18032.0,28943.0,17957.0,10986.0,61.61362426822778,1.0,0.125,151.57266025587523,,36984.0,,,,,,,,,,,,,,,,peersync_style,400.0,400.0,2321.0,6923.504792153835
rtt/rtt0p75/seed1/baselines/raw.csv,rtt,rtt0p75,cider_nodes40_domains8_req800_weak,40,8,1,250.0,,400,0,39.11004298632683,302.56254268149934,395.801388466923,26488.0,19713.0,3928.0,15785.0,42.66790762104716,1.0,0.3142551851851851,157.01708576060133,,35929.0,,,,,,,,,,,,,,,,metapipe_reactive_style,400.0,400.0,1805.0,5103.251792490482
rtt/rtt0p75/seed1/baselines/raw.csv,rtt,rtt0p75,cider_nodes40_domains8_req800_weak,40,8,1,250.0,,400,0,28.57344432915665,105.2446130165484,174.68567944545842,42514.0,0.0,0.0,0.0,0.0,1.0,0.2425152517841847,173.6953100440452,,36112.0,,,,,,,,,,,,,,,,ilrsa_style,400.0,400.0,0.0,2509.4399973750114
rtt/rtt0p75/seed1/cider/raw.csv,rtt,rtt0p75,cider_nodes40_domains8_req800_weak,40,8,1,250.0,full,400,0,11.069636147200576,51.177985123618825,194.03259840703527,27397.0,20699.0,18190.0,2509.0,43.03684298070526,1.0,1.0,138.94901677774678,2.5449599757792924,16251.0,24823.0,502.5213807821274,651.3236314058304,8995.423793792725,10149.268805980682,129.0,1381.0,1226.3608471622033,12.232568062841892,883.0,88.0,9.966024915062288,162.0,119.0,73.45679012345678,,,,,
rtt/rtt1/seed1/baselines/raw.csv,rtt,rtt1,cider_nodes40_domains8_req800_weak,40,8,1,250.0,,400,0,28.558544176810425,105.52137625261624,172.02104375089,41899.0,0.0,0.0,0.0,0.0,1.0,0.2455482109357351,171.02354934947675,,35439.0,,,,,,,,,,,,,,,,registry,400.0,400.0,0.0,2717.185944318772
rtt/rtt1/seed1/baselines/raw.csv,rtt,rtt1,cider_nodes40_domains8_req800_weak,40,8,1,250.0,,400,0,26.61710277004326,133.59975527131965,214.8338658055725,3236.0,34948.0,8047.0,26901.0,91.52524617640896,1.0,1.0,56.50302439591373,,28657.0,,,,,,,,,,,,,,,,dragonfly_style,400.0,400.0,1805.0,4716.0729393363
rtt/rtt1/seed1/baselines/raw.csv,rtt,rtt1,cider_nodes40_domains8_req800_weak,40,8,1,250.0,,400,0,60.50752048156412,366.3732895443523,763.2120654287405,17934.0,29088.0,18004.0,11084.0,61.86040576751308,1.0,0.125,150.20400978484622,,37035.0,,,,,,,,,,,,,,,,peersync_style,400.0,400.0,2321.0,6975.826486945152
rtt/rtt1/seed1/baselines/raw.csv,rtt,rtt1,cider_nodes40_domains8_req800_weak,40,8,1,250.0,,400,0,39.114647509141456,302.5636676814993,395.823888466923,26488.0,19713.0,3928.0,15785.0,42.66790762104716,1.0,0.3142551851851851,157.0193379289308,,35929.0,,,,,,,,,,,,,,,,metapipe_reactive_style,400.0,400.0,1805.0,5085.539482533932
rtt/rtt1/seed1/baselines/raw.csv,rtt,rtt1,cider_nodes40_domains8_req800_weak,40,8,1,250.0,,400,0,28.58804310354585,105.19592524791442,174.6951203111205,42514.0,0.0,0.0,0.0,0.0,1.0,0.2432918358558641,173.69762590970734,,36112.0,,,,,,,,,,,,,,,,ilrsa_style,400.0,400.0,0.0,2486.0510155558586
rtt/rtt1/seed1/cider/raw.csv,rtt,rtt1,cider_nodes40_domains8_req800_weak,40,8,1,250.0,full,400,0,10.880469819638847,52.68245398173562,192.07444455147595,27485.0,20737.0,18681.0,2056.0,43.00319356310398,1.0,1.0,142.64204836638885,2.579074778967884,16307.0,24850.0,480.4863706231117,652.3586809635162,8908.879697322845,10041.724748909472,128.0,1366.0,1156.152675496106,12.146607868373394,883.0,92.0,10.41902604756512,157.0,120.0,76.43312101910828,,,,,
rtt/rtt1p25/seed1/baselines/raw.csv,rtt,rtt1p25,cider_nodes40_domains8_req800_weak,40,8,1,250.0,,400,0,28.523196140989263,105.48143942866916,172.0367705083515,41899.0,0.0,0.0,0.0,0.0,1.0,0.2463928092722542,171.03215110693833,,35809.0,,,,,,,,,,,,,,,,registry,400.0,400.0,0.0,2723.7652838230133
rtt/rtt1p25/seed1/baselines/raw.csv,rtt,rtt1p25,cider_nodes40_domains8_req800_weak,40,8,1,250.0,,400,0,26.78212162553875,133.09271895601276,214.8349908055696,3235.0,35000.0,7550.0,27450.0,91.5391656858899,1.0,1.0,55.97873319246597,,28189.0,,,,,,,,,,,,,,,,dragonfly_style,400.0,400.0,1805.0,4789.963357150555
rtt/rtt1p25/seed1/baselines/raw.csv,rtt,rtt1p25,cider_nodes40_domains8_req800_weak,40,8,1,250.0,,400,0,60.36692348624703,366.3834145443524,763.2398154287405,17760.0,28996.0,17956.0,11040.0,62.01557019419968,1.0,0.125,150.37677470433633,,36773.0,,,,,,,,,,,,,,,,peersync_style,400.0,400.0,2321.0,7010.580129921436
rtt/rtt1p25/seed1/baselines/raw.csv,rtt,rtt1p25,cider_nodes40_domains8_req800_weak,40,8,1,250.0,,400,0,39.11923795376002,302.5647926814986,395.8463884669224,26488.0,19713.0,3928.0,15785.0,42.66790762104716,1.0,0.3142551851851851,157.0215802597356,,35929.0,,,,,,,,,,,,,,,,metapipe_reactive_style,400.0,400.0,1805.0,5098.882250487804
rtt/rtt1p25/seed1/baselines/raw.csv,rtt,rtt1p25,cider_nodes40_domains8_req800_weak,40,8,1,250.0,,400,0,28.48813757495776,104.88857004272276,174.64060112372567,42515.0,0.0,0.0,0.0,0.0,1.0,0.2409217279081408,173.63598172231255,,36111.0,,,,,,,,,,,,,,,,ilrsa_style,400.0,400.0,0.0,2514.1472071409225
rtt/rtt1p25/seed1/cider/raw.csv,rtt,rtt1p25,cider_nodes40_domains8_req800_weak,40,8,1,250.0,full,400,0,12.076932877514436,57.40418786024745,233.9717760027657,26867.0,20974.0,18502.0,2472.0,43.84105683409628,1.0,1.0,141.2664038302864,2.6757925737643533,17330.0,24339.0,489.8935705423355,659.337118268013,8814.701609313488,9963.932298123837,129.0,1349.0,0.0,12.070265747606754,885.0,89.0,10.056497175141242,156.0,113.0,72.43589743589743,,,,,
rtt/rtt1p5/seed1/baselines/raw.csv,rtt,rtt1p5,cider_nodes40_domains8_req800_weak,40,8,1,250.0,,400,0,28.518264770175264,105.38331042150386,172.04233018781397,41899.0,0.0,0.0,0.0,0.0,1.0,0.2463928092722542,171.03058578640082,,35809.0,,,,,,,,,,,,,,,,registry,400.0,400.0,0.0,2801.132209599018
rtt/rtt1p5/seed1/baselines/raw.csv,rtt,rtt1p5,cider_nodes40_domains8_req800_weak,40,8,1,250.0,,400,0,26.594329286774595,133.4099489920558,214.8361158055696,3289.0,34957.0,6689.0,28268.0,91.40040788579198,1.0,1.0,56.97840706736783,,29549.0,,,,,,,,,,,,,,,,dragonfly_style,400.0,400.0,1805.0,4932.278983294964
rtt/rtt1p5/seed1/baselines/raw.csv,rtt,rtt1p5,cider_nodes40_domains8_req800_weak,40,8,1,250.0,,400,0,60.370441947409525,366.39353954435296,763.267565428741,17755.0,29001.0,17956.0,11045.0,62.02626400889725,1.0,0.125,150.3679170954528,,36745.0,,,,,,,,,,,,,,,,peersync_style,400.0,400.0,2321.0,7151.342697441578
rtt/rtt1p5/seed1/baselines/raw.csv,rtt,rtt1p5,cider_nodes40_domains8_req800_weak,40,8,1,250.0,,400,0,39.12396140667269,302.5659176814999,395.8688884669237,26488.0,19713.0,3928.0,15785.0,42.66790762104716,1.0,0.3142551851851851,157.0238279091637,,35929.0,,,,,,,,,,,,,,,,metapipe_reactive_style,400.0,400.0,1805.0,5226.81737691164
rtt/rtt1p5/seed1/baselines/raw.csv,rtt,rtt1p5,cider_nodes40_domains8_req800_weak,40,8,1,250.0,,400,0,28.54668210045055,105.30119032929012,174.4234259285033,42480.0,0.0,0.0,0.0,0.0,1.0,0.2399020419324988,173.41168152709017,,36112.0,,,,,,,,,,,,,,,,ilrsa_style,400.0,400.0,0.0,2571.7120990157127
rtt/rtt1p5/seed1/cider/raw.csv,rtt,rtt1p5,cider_nodes40_domains8_req800_weak,40,8,1,250.0,full,400,0,13.338908064901482,64.18082733499187,248.1260463142776,26102.0,22785.0,20227.0,2558.0,46.60748256182625,1.0,1.0,145.55223404376375,2.9977003882487243,19948.0,25477.0,497.7453872561455,641.3289681077003,8959.628954529762,10098.703309893608,126.0,1313.0,0.0,12.187308855354786,885.0,104.0,11.751412429378531,146.0,107.0,73.28767123287672,,,,,
rtt/rtt1p75/seed1/baselines/raw.csv,rtt,rtt1p75,cider_nodes40_domains8_req800_weak,40,8,1,250.0,,400,0,28.600880270895946,105.289304733451,172.01547578796655,41899.0,0.0,0.0,0.0,0.0,1.0,0.2463928092722542,170.99660638655342,,35811.0,,,,,,,,,,,,,,,,registry,400.0,400.0,0.0,2729.9225255846977
rtt/rtt1p75/seed1/baselines/raw.csv,rtt,rtt1p75,cider_nodes40_domains8_req800_weak,40,8,1,250.0,,400,0,26.764266704294936,132.925576288638,214.8372408055721,3109.0,35332.0,7000.0,28332.0,91.91228115813844,1.0,1.0,55.86910665281476,,29685.0,,,,,,,,,,,,,,,,dragonfly_style,400.0,400.0,1805.0,4722.820192575455
rtt/rtt1p75/seed1/baselines/raw.csv,rtt,rtt1p75,cider_nodes40_domains8_req800_weak,40,8,1,250.0,,400,0,60.361096769534846,366.4036645443501,763.2953154287383,17886.0,28870.0,17955.0,10915.0,61.74608606382069,1.0,0.125,151.7752788978333,,36799.0,,,,,,,,,,,,,,,,peersync_style,400.0,400.0,2321.0,6905.696153640747
rtt/rtt1p75/seed1/baselines/raw.csv,rtt,rtt1p75,cider_nodes40_domains8_req800_weak,40,8,1,250.0,,400,0,41.59891477882313,302.56704268149485,406.7838563990637,27447.0,19880.0,5345.0,14535.0,42.005620470344624,1.0,0.30992,162.64966708727354,,37945.0,,,,,,,,,,,,,,,,metapipe_reactive_style,400.0,400.0,918.0,4679.077833890915
rtt/rtt1p75/seed1/baselines/raw.csv,rtt,rtt1p75,cider_nodes40_domains8_req800_weak,40,8,1,250.0,,400,0,28.48571544228567,104.79623268890136,174.63345666379732,42515.0,0.0,0.0,0.0,0.0,1.0,0.241544026712837,173.6145872623841,,36112.0,,,,,,,,,,,,,,,,ilrsa_style,400.0,400.0,0.0,2508.043184876442
rtt/rtt1p75/seed1/cider/raw.csv,rtt,rtt1p75,cider_nodes40_domains8_req800_weak,40,8,1,250.0,full,400,0,11.284944426850435,50.53804913779452,213.485886813926,26971.0,20943.0,18425.0,2518.0,43.70956296698251,1.0,1.0,139.5542824906285,2.6902501794698663,18045.0,24643.0,495.6729784607887,657.5760170817375,8851.177208125591,10004.426203668118,127.0,1328.0,0.0,12.104658626019956,901.0,90.0,9.988901220865705,131.0,105.0,80.1526717557252,,,,,
rtt/rtt2/seed1/baselines/raw.csv,rtt,rtt2,cider_nodes40_domains8_req800_weak,40,8,1,250.0,,400,0,28.516833570654452,105.19716312968036,172.0213353435863,41899.0,0.0,0.0,0.0,0.0,1.0,0.2460662213414874,170.99534094217316,,35807.0,,,,,,,,,,,,,,,,registry,400.0,400.0,0.0,2740.1496171951294
rtt/rtt2/seed1/baselines/raw.csv,rtt,rtt2,cider_nodes40_domains8_req800_weak,40,8,1,250.0,,400,0,26.555876230448863,133.229520195301,214.83836580556823,2994.0,34803.0,7436.0,27367.0,92.0787364076514,1.0,1.0,52.023962913687214,,28878.0,,,,,,,,,,,,,,,,dragonfly_style,400.0,400.0,918.0,4704.7784850001335
rtt/rtt2/seed1/baselines/raw.csv,rtt,rtt2,cider_nodes40_domains8_req800_weak,40,8,1,250.0,,400,0,60.36527175182926,366.4137895443511,763.3230654287393,17888.0,28868.0,17955.0,10913.0,61.74180853794165,1.0,0.125,151.77763397543808,,36775.0,,,,,,,,,,,,,,,,peersync_style,400.0,400.0,2321.0,6948.388360440731
rtt/rtt2/seed1/baselines/raw.csv,rtt,rtt2,cider_nodes40_domains8_req800_weak,40,8,1,250.0,,400,0,41.60371298240136,302.56816768149605,406.813481399065,27447.0,19880.0,5345.0,14535.0,42.005620470344624,1.0,0.3099648290934156,162.6507203557755,,37945.0,,,,,,,,,,,,,,,,metapipe_reactive_style,400.0,400.0,918.0,4687.306687235832
rtt/rtt2/seed1/baselines/raw.csv,rtt,rtt2,cider_nodes40_domains8_req800_weak,40,8,1,250.0,,400,0,28.51676943947378,104.73104182691937,174.63403132474463,42515.0,0.0,0.0,0.0,0.0,1.0,0.2425152517841847,173.60803692333153,,36112.0,,,,,,,,,,,,,,,,ilrsa_style,400.0,400.0,0.0,2512.503869831562
rtt/rtt2/seed1/cider/raw.csv,rtt,rtt2,cider_nodes40_domains8_req800_weak,40,8,1,250.0,full,400,0,12.657880498161743,59.82439208654395,235.14991704827384,26629.0,21360.0,18777.0,2583.0,44.51020025422493,1.0,1.0,137.68325126980957,2.8498802045350087,17847.0,24448.0,478.33991050720215,633.9953690767288,8944.532416760921,10056.867696344852,124.0,1308.0,0.0,12.1808637753129,907.0,83.0,9.151047409040794,117.0,92.0,78.63247863247864,,,,,
wan/wan125/seed1/baselines/raw.csv,wan,wan125,cider_nodes40_domains8_req800_weak,40,8,1,125.0,,400,0,82.86759940810906,239.50254829404705,300.3212302295468,37054.0,0.0,0.0,0.0,0.0,1.0,0.1204254389908669,299.3237358281337,,29121.0,,,,,,,,,,,,,,,,registry,400.0,400.0,0.0,2637.002244591713
wan/wan125/seed1/baselines/raw.csv,wan,wan125,cider_nodes40_domains8_req800_weak,40,8,1,125.0,,400,0,26.676167916255466,133.59975527131937,214.83386580557223,3236.0,34948.0,8153.0,26795.0,91.52524617640896,1.0,1.0,57.10670241134709,,28946.0,,,,,,,,,,,,,,,,dragonfly_style,400.0,400.0,1805.0,4761.244796216488
wan/wan125/seed1/baselines/raw.csv,wan,wan125,cider_nodes40_domains8_req800_weak,40,8,1,125.0,,400,0,33.86920481717987,261.7018601502224,375.0412646556229,16274.0,29229.0,15824.0,13405.0,64.23532514339713,1.0,1.0,162.01795388716658,,35546.0,,,,,,,,,,,,,,,,peersync_style,400.0,400.0,2264.0,7481.600373983383
wan/wan125/seed1/baselines/raw.csv,wan,wan125,cider_nodes40_domains8_req800_weak,40,8,1,125.0,,400,0,31.4089716344223,265.26540907089776,356.75386580557057,15110.0,27493.0,7802.0,19691.0,64.53301410698776,1.0,1.0,127.67309584524702,,33431.0,,,,,,,,,,,,,,,,metapipe_reactive_style,400.0,400.0,918.0,4679.183930158615
wan/wan125/seed1/baselines/raw.csv,wan,wan125,cider_nodes40_domains8_req800_weak,40,8,1,125.0,,400,0,83.82942537174112,240.7936417396468,296.7038911920108,36835.0,0.0,0.0,0.0,0.0,1.0,0.1243706843372535,295.70639679059764,,29789.0,,,,,,,,,,,,,,,,ilrsa_style,400.0,400.0,0.0,2506.44288957119
wan/wan125/seed1/cider/raw.csv,wan,wan125,cider_nodes40_domains8_req800_weak,40,8,1,125.0,full,400,0,24.93195428872934,124.41426590288164,229.6884512995832,19358.0,23019.0,14476.0,8543.0,54.31956013875451,1.0,1.0,162.39955526042007,3.835433989829812,24919.0,17757.0,545.6286817789078,530.2830561995506,7510.96399128437,8586.875729262829,86.0,1140.0,0.0,10.419708110392094,887.0,96.0,10.822998872604284,117.0,76.0,64.95726495726495,,,,,
wan/wan187p5/seed1/baselines/raw.csv,wan,wan187p5,cider_nodes40_domains8_req800_weak,40,8,1,187.5,,400,0,46.65292252913994,151.01871471877837,211.9365110392018,38581.0,0.0,0.0,0.0,0.0,1.0,0.1874999999999999,210.93901663778863,,31291.0,,,,,,,,,,,,,,,,registry,400.0,400.0,0.0,2690.4393434524536
wan/wan187p5/seed1/baselines/raw.csv,wan,wan187p5,cider_nodes40_domains8_req800_weak,40,8,1,187.5,,400,0,26.61710277004326,133.59975527131965,214.8338658055725,3236.0,34948.0,8047.0,26901.0,91.52524617640896,1.0,1.0,56.50302439591373,,28657.0,,,,,,,,,,,,,,,,dragonfly_style,400.0,400.0,1805.0,4862.6371547579765
wan/wan187p5/seed1/baselines/raw.csv,wan,wan187p5,cider_nodes40_domains8_req800_weak,40,8,1,187.5,,400,0,38.84971331340615,239.88199155206337,389.8177144266663,17468.0,28062.0,16807.0,11255.0,61.63408741489128,1.0,0.885258029751599,153.68351130726077,,34293.0,,,,,,,,,,,,,,,,peersync_style,400.0,400.0,3151.0,7357.826597988605
wan/wan187p5/seed1/baselines/raw.csv,wan,wan187p5,cider_nodes40_domains8_req800_weak,40,8,1,187.5,,400,0,17.779223436177134,101.82306049122236,224.06365527030863,21126.0,22094.0,6102.0,15992.0,51.11985192040722,1.0,1.0,124.0173699332542,,32837.0,,,,,,,,,,,,,,,,metapipe_reactive_style,400.0,400.0,2692.0,4748.034156858921
wan/wan187p5/seed1/baselines/raw.csv,wan,wan187p5,cider_nodes40_domains8_req800_weak,40,8,1,187.5,,400,0,45.9533970193224,151.29873977046915,212.55084588643743,38693.0,0.0,0.0,0.0,0.0,1.0,0.1830161054172767,211.55335148502436,,31378.0,,,,,,,,,,,,,,,,ilrsa_style,400.0,400.0,0.0,2523.3619436621666
wan/wan187p5/seed1/cider/raw.csv,wan,wan187p5,cider_nodes40_domains8_req800_weak,40,8,1,187.5,full,400,0,15.421998708137556,71.04542053461931,246.02303344139548,24894.0,22116.0,20252.0,1864.0,47.04530950861519,1.0,1.0,143.97447228989608,3.036952074341454,21735.0,23373.0,418.0774465203285,689.8675933480263,9003.411836922169,10111.356876790524,116.0,1317.0,0.0,12.238283917307854,877.0,99.0,11.2884834663626,144.0,99.0,68.75,,,,,
wan/wan250/seed1/baselines/raw.csv,wan,wan250,cider_nodes40_domains8_req800_weak,40,8,1,250.0,,400,0,28.558544176810425,105.52137625261624,172.02104375089,41899.0,0.0,0.0,0.0,0.0,1.0,0.2455482109357351,171.02354934947675,,35439.0,,,,,,,,,,,,,,,,registry,400.0,400.0,0.0,2814.027138054371
wan/wan250/seed1/baselines/raw.csv,wan,wan250,cider_nodes40_domains8_req800_weak,40,8,1,250.0,,400,0,26.61710277004326,133.59975527131965,214.8338658055725,3236.0,34948.0,8047.0,26901.0,91.52524617640896,1.0,1.0,56.50302439591373,,28657.0,,,,,,,,,,,,,,,,dragonfly_style,400.0,400.0,1805.0,4874.905452132225
wan/wan250/seed1/baselines/raw.csv,wan,wan250,cider_nodes40_domains8_req800_weak,40,8,1,250.0,,400,0,60.50752048156412,366.3732895443523,763.2120654287405,17934.0,29088.0,18004.0,11084.0,61.86040576751308,1.0,0.125,150.20400978484622,,37035.0,,,,,,,,,,,,,,,,peersync_style,400.0,400.0,2321.0,7176.664359867573
wan/wan250/seed1/baselines/raw.csv,wan,wan250,cider_nodes40_domains8_req800_weak,40,8,1,250.0,,400,0,39.114647509141456,302.5636676814993,395.823888466923,26488.0,19713.0,3928.0,15785.0,42.66790762104716,1.0,0.3142551851851851,157.0193379289308,,35929.0,,,,,,,,,,,,,,,,metapipe_reactive_style,400.0,400.0,1805.0,5227.225385606289
wan/wan250/seed1/baselines/raw.csv,wan,wan250,cider_nodes40_domains8_req800_weak,40,8,1,250.0,,400,0,28.58804310354585,105.19592524791442,174.6951203111205,42514.0,0.0,0.0,0.0,0.0,1.0,0.2432918358558641,173.69762590970734,,36112.0,,,,,,,,,,,,,,,,ilrsa_style,400.0,400.0,0.0,2580.0087824463844
wan/wan250/seed1/cider/raw.csv,wan,wan250,cider_nodes40_domains8_req800_weak,40,8,1,250.0,full,400,0,10.880469819638847,52.68245398173562,192.07444455147595,27485.0,20737.0,18681.0,2056.0,43.00319356310398,1.0,1.0,142.64204836638885,2.579074778967884,16307.0,24850.0,489.4208237528801,664.1793623566628,9081.5317183733,10235.13190448284,128.0,1366.0,1156.152675496106,12.408012256026268,883.0,92.0,10.41902604756512,157.0,120.0,76.43312101910828,,,,,
wan/wan312p5/seed1/baselines/raw.csv,wan,wan312p5,cider_nodes40_domains8_req800_weak,40,8,1,312.5,,400,0,16.090903298675524,64.10263102856297,153.80768974875528,46189.0,0.0,0.0,0.0,0.0,1.0,0.3124999999999996,152.81019534734207,,39214.0,,,,,,,,,,,,,,,,registry,400.0,400.0,0.0,2719.2412763834
wan/wan312p5/seed1/baselines/raw.csv,wan,wan312p5,cider_nodes40_domains8_req800_weak,40,8,1,312.5,,400,0,26.61710277004326,133.59975527131965,214.8338658055725,3236.0,34948.0,8047.0,26901.0,91.52524617640896,1.0,1.0,56.50302439591373,,28657.0,,,,,,,,,,,,,,,,dragonfly_style,400.0,400.0,1805.0,4866.00873619318
wan/wan312p5/seed1/baselines/raw.csv,wan,wan312p5,cider_nodes40_domains8_req800_weak,40,8,1,312.5,,400,0,46.086019400010464,292.64349540152466,480.0639671796547,18846.0,27243.0,18048.0,9195.0,59.1095489162273,1.0,0.2634666666666666,155.9793809477689,,36149.0,,,,,,,,,,,,,,,,peersync_style,400.0,400.0,2321.0,7686.495713889599
wan/wan312p5/seed1/baselines/raw.csv,wan,wan312p5,cider_nodes40_domains8_req800_weak,40,8,1,312.5,,400,0,35.954334963704426,306.70728498417054,373.38524234893566,27049.0,15593.0,4362.0,11231.0,36.56723418226162,1.0,0.272282,160.2601525502511,,35150.0,,,,,,,,,,,,,,,,metapipe_reactive_style,400.0,400.0,0.0,5348.253466188908
wan/wan312p5/seed1/baselines/raw.csv,wan,wan312p5,cider_nodes40_domains8_req800_weak,40,8,1,312.5,,400,0,15.46728954355746,62.2375476402487,151.9557528962562,45454.0,0.0,0.0,0.0,0.0,1.0,0.3124999999999998,150.95825849484305,,38372.0,,,,,,,,,,,,,,,,ilrsa_style,400.0,400.0,0.0,2422.3000332713127
wan/wan312p5/seed1/cider/raw.csv,wan,wan312p5,cider_nodes40_domains8_req800_weak,40,8,1,312.5,full,400,0,11.717877376989067,52.669292351123,234.2579756482604,27296.0,20904.0,18399.0,2505.0,43.36929460580913,1.0,1.0,136.34003165827602,2.537136258767476,16681.0,25215.0,494.6940615773201,661.7491319775581,9029.836870729923,10186.2800642848,118.0,1395.0,0.0,12.395644411444664,891.0,98.0,10.998877665544333,158.0,123.0,77.84810126582279,,,,,
wan/wan375/seed1/baselines/raw.csv,wan,wan375,cider_nodes40_domains8_req800_weak,40,8,1,375.0,,400,0,8.353831544064334,34.576276751403284,147.04278046493422,53131.0,0.0,0.0,0.0,0.0,1.0,0.3902164921098225,146.0452860635211,,46266.0,,,,,,,,,,,,,,,,registry,400.0,400.0,0.0,1986.5958988666532
wan/wan375/seed1/baselines/raw.csv,wan,wan375,cider_nodes40_domains8_req800_weak,40,8,1,375.0,,400,0,26.61710277004326,133.59975527131965,214.8338658055725,3236.0,34948.0,8047.0,26901.0,91.52524617640896,1.0,1.0,56.50302439591373,,28657.0,,,,,,,,,,,,,,,,dragonfly_style,400.0,400.0,1805.0,4887.509010732174
wan/wan375/seed1/baselines/raw.csv,wan,wan375,cider_nodes40_domains8_req800_weak,40,8,1,375.0,,400,0,38.22552752701459,248.40490324817853,416.51672960664695,20391.0,24469.0,15712.0,8757.0,54.545251894783775,1.0,0.31819,178.56997410951112,,35296.0,,,,,,,,,,,,,,,,peersync_style,400.0,400.0,1698.0,9710.36171913147
wan/wan375/seed1/baselines/raw.csv,wan,wan375,cider_nodes40_domains8_req800_weak,40,8,1,375.0,,400,0,44.800718674500274,318.2719706863146,386.7860720288736,28161.0,14960.0,4864.0,10096.0,34.69307298068227,1.0,0.251479,173.86925664865504,,34722.0,,,,,,,,,,,,,,,,metapipe_reactive_style,400.0,400.0,0.0,6006.47497177124
wan/wan375/seed1/baselines/raw.csv,wan,wan375,cider_nodes40_domains8_req800_weak,40,8,1,375.0,,400,0,7.632222259278743,31.54076787975865,143.23970290165184,51074.0,0.0,0.0,0.0,0.0,1.0,0.3864704427405392,142.2422085002387,,43772.0,,,,,,,,,,,,,,,,ilrsa_style,400.0,400.0,0.0,1754.2854398488998
wan/wan375/seed1/cider/raw.csv,wan,wan375,cider_nodes40_domains8_req800_weak,40,8,1,375.0,full,400,0,11.100462159857107,49.99993551341655,234.71796764463315,28090.0,20267.0,17686.0,2581.0,41.91120210104018,1.0,1.0,139.4234956640587,2.44416883482284,16938.0,25239.0,481.120340526104,709.8105102777481,9307.076275348663,10498.007126152515,124.0,1422.0,0.0,12.771824434399605,895.0,91.0,10.167597765363128,173.0,127.0,73.41040462427746,,,,,
wan/wan437p5/seed1/baselines/raw.csv,wan,wan437p5,cider_nodes40_domains8_req800_weak,40,8,1,437.5,,400,0,5.638838755452548,23.8896697534317,137.9362518796599,54366.0,0.0,0.0,0.0,0.0,1.0,0.4729728075073221,136.93875747824674,,47734.0,,,,,,,,,,,,,,,,registry,400.0,400.0,0.0,1979.916460812092
wan/wan437p5/seed1/baselines/raw.csv,wan,wan437p5,cider_nodes40_domains8_req800_weak,40,8,1,437.5,,400,0,26.61710277004326,133.59975527131965,214.8338658055725,3236.0,34948.0,8047.0,26901.0,91.52524617640896,1.0,1.0,56.50302439591373,,28657.0,,,,,,,,,,,,,,,,dragonfly_style,400.0,400.0,1805.0,5094.570808112621
wan/wan437p5/seed1/baselines/raw.csv,wan,wan437p5,cider_nodes40_domains8_req800_weak,40,8,1,437.5,,400,0,38.22552752701459,248.40490324817853,416.51672960664695,20391.0,24469.0,15712.0,8757.0,54.545251894783775,1.0,0.3176337555744724,178.56997410951112,,35296.0,,,,,,,,,,,,,,,,peersync_style,400.0,400.0,1698.0,9699.102006852629
wan/wan437p5/seed1/baselines/raw.csv,wan,wan437p5,cider_nodes40_domains8_req800_weak,40,8,1,437.5,,400,0,26.058531510860146,154.63172474801658,249.6619421439061,30175.0,14060.0,4168.0,9892.0,31.78478580309709,1.0,0.7625066666666668,194.20092725049795,,36637.0,,,,,,,,,,,,,,,,metapipe_reactive_style,400.0,400.0,0.0,8101.544298231602
wan/wan437p5/seed1/baselines/raw.csv,wan,wan437p5,cider_nodes40_domains8_req800_weak,40,8,1,437.5,,400,0,5.291304446593929,25.294263883968483,140.3203964215301,53828.0,0.0,0.0,0.0,0.0,1.0,0.4631229626149011,139.3229020201169,,46858.0,,,,,,,,,,,,,,,,ilrsa_style,400.0,400.0,0.0,1730.8380603790283
wan/wan437p5/seed1/cider/raw.csv,wan,wan437p5,cider_nodes40_domains8_req800_weak,40,8,1,437.5,full,400,0,8.982239315219926,45.64603833324305,187.78638645077316,29668.0,19724.0,16969.0,2755.0,39.933592484612895,1.0,1.0,131.73368356328487,2.3490994186844163,16400.0,25954.0,419.1241636872292,677.275538444519,9227.584093809128,10323.983795940876,125.0,1405.0,4681.361390601544,12.59258371591568,905.0,99.0,10.939226519337016,149.0,113.0,75.83892617449665,,,,,
wan/wan500/seed1/baselines/raw.csv,wan,wan500,cider_nodes40_domains8_req800_weak,40,8,1,500.0,,400,0,4.758123166344035,20.69344049579249,137.23643976762793,57521.0,0.0,0.0,0.0,0.0,1.0,0.5439603564228443,136.23894536621475,,51260.0,,,,,,,,,,,,,,,,registry,400.0,400.0,0.0,2043.5601398348808
wan/wan500/seed1/baselines/raw.csv,wan,wan500,cider_nodes40_domains8_req800_weak,40,8,1,500.0,,400,0,26.61710277004326,133.59975527131965,214.8338658055725,3236.0,34948.0,8047.0,26901.0,91.52524617640896,1.0,1.0,56.50302439591373,,28657.0,,,,,,,,,,,,,,,,dragonfly_style,400.0,400.0,1805.0,4857.162646949291
wan/wan500/seed1/baselines/raw.csv,wan,wan500,cider_nodes40_domains8_req800_weak,40,8,1,500.0,,400,0,38.22552752701459,248.40490324817853,416.51672960664695,20391.0,24469.0,15712.0,8757.0,54.545251894783775,1.0,0.3141633333333333,178.56997410951112,,35296.0,,,,,,,,,,,,,,,,peersync_style,400.0,400.0,1698.0,9701.516158878803
wan/wan500/seed1/baselines/raw.csv,wan,wan500,cider_nodes40_domains8_req800_weak,40,8,1,500.0,,400,0,22.89737796625933,143.29415581166387,243.39583763303887,30917.0,14039.0,4127.0,9912.0,31.22831212741347,1.0,1.0,187.78114170196235,,36595.0,,,,,,,,,,,,,,,,metapipe_reactive_style,400.0,400.0,0.0,7508.322075009346
wan/wan500/seed1/baselines/raw.csv,wan,wan500,cider_nodes40_domains8_req800_weak,40,8,1,500.0,,400,0,4.10904141421342,20.621076111954736,137.6584697737053,54409.0,0.0,0.0,0.0,0.0,1.0,0.5207166666666666,136.66097537229214,,48323.0,,,,,,,,,,,,,,,,ilrsa_style,400.0,400.0,0.0,1861.72728985548
wan/wan500/seed1/cider/raw.csv,wan,wan500,cider_nodes40_domains8_req800_weak,40,8,1,500.0,full,400,0,11.761471147800185,50.27593902215726,233.9664771090659,27906.0,20641.0,17676.0,2965.0,42.51756030238738,1.0,1.0,136.26863067989362,2.476710078475182,16958.0,25398.0,492.97406524419785,725.1778990030289,9360.012650489807,10578.164614737034,125.0,1409.0,0.0,12.784217990934849,898.0,112.0,12.47216035634744,175.0,124.0,70.85714285714286,,,,,
