base_requests,target_requests,cache_scale,wan_mb_s,baseline,num_seeds,mean_ready_gain_pct,p95_gain_pct,registry_reduction_pct,p2p_offload_pct
200,100,0.5,10.0,dragonfly_style,20,22.699239527075733,16.284743530256844,15.442138663393276,15.423136264756433
200,100,0.5,10.0,ilrsa_style,20,-28.36307308031631,-3.1692385984345,0.0,0.0
200,100,0.5,10.0,metapipe_reactive_style,20,30.31231482190602,19.151337354627092,18.728069667527468,18.68739432955435
200,100,0.5,10.0,peersync_style,20,27.12969707123141,21.19321668587493,20.189223304343795,20.151676899493808
200,100,0.5,30.0,dragonfly_style,20,22.338785291881116,16.02041579979343,15.186501916551826,15.170694527363473
200,100,0.5,30.0,ilrsa_style,20,-28.36307308031619,-3.16923859843453,0.0,0.0
200,100,0.5,30.0,metapipe_reactive_style,20,30.433125663189486,18.808283815539337,18.65337625791808,18.61924951849633
200,100,0.5,30.0,peersync_style,20,26.826867215880387,20.483453323554514,20.01638622861973,19.962873329106223
200,100,0.5,100.0,dragonfly_style,20,20.54178722683356,9.338604223829886,15.248456915220077,15.238368646889118
200,100,0.5,100.0,ilrsa_style,20,-28.42939317338561,-3.8404853492192212,0.0,0.0
200,100,0.5,100.0,metapipe_reactive_style,20,28.34115723070745,9.508719041964653,18.179738978379433,18.18019654941243
200,100,0.5,100.0,peersync_style,20,24.374184947818247,12.30927890612532,19.735272659895998,19.694232875925014
200,100,1.0,10.0,dragonfly_style,20,46.63766969623541,54.44209486192772,52.43656267387845,52.282813114167496
200,100,1.0,10.0,ilrsa_style,20,-26.793332776602636,-4.312145527306746,0.0,0.0
200,100,1.0,10.0,metapipe_reactive_style,20,49.77026517784909,56.3530537740762,56.06196865982584,55.97083448663225
200,100,1.0,10.0,peersync_style,20,50.73208041751732,60.2232643185923,61.31325940399322,61.14207968420135
200,100,1.0,30.0,dragonfly_style,20,43.88273268794842,52.076189381327936,52.90401262923617,52.733447974714295
200,100,1.0,30.0,ilrsa_style,20,-26.793332776602583,-4.312145527306712,0.0,0.0
200,100,1.0,30.0,metapipe_reactive_style,20,47.10435867226535,51.843072898277974,57.02048368939326,56.91481459728902
200,100,1.0,30.0,peersync_style,20,47.77594318056538,55.195208230864644,61.2977316546111,61.11460426377849
200,100,1.0,100.0,dragonfly_style,20,32.624819594961814,32.288657762327894,52.54008100309262,52.37115167069238
200,100,1.0,100.0,ilrsa_style,20,-26.87737337346471,-5.172034033885475,0.0,0.0
200,100,1.0,100.0,metapipe_reactive_style,20,41.06633949953126,37.16063595361808,56.820240421319596,56.704886586273176
200,100,1.0,100.0,peersync_style,20,35.95760486168306,35.17415630291392,60.32724731822829,60.1777684772726
200,100,2.0,10.0,dragonfly_style,20,70.73852191182415,67.52696548773409,66.82886851406033,66.22543193116373
200,100,2.0,10.0,ilrsa_style,20,-29.022177125698143,-6.4465365395764795,0.0,0.0
200,100,2.0,10.0,metapipe_reactive_style,20,67.84321449743234,65.68942690409398,64.84467038877223,63.9640261836358
200,100,2.0,10.0,peersync_style,20,72.98385834034404,70.41969998640766,71.2486554320545,70.42109434108717
200,100,2.0,30.0,dragonfly_style,20,68.99187519531645,67.06108321523114,66.63934846078983,66.00010944690608
200,100,2.0,30.0,ilrsa_style,20,-29.02217712569814,-6.4465365395764955,0.0,0.0
200,100,2.0,30.0,metapipe_reactive_style,20,66.31350400051679,64.77042498769245,65.1782512933463,64.26873586869074
200,100,2.0,30.0,peersync_style,20,71.12583987763581,69.95308983366219,71.2486554320545,70.42109434108717
200,100,2.0,100.0,dragonfly_style,20,61.99879730384156,60.9827060698489,67.1118680530656,66.39355065850378
200,100,2.0,100.0,ilrsa_style,20,-29.255428535300375,-7.701966170637742,0.0,0.0
200,100,2.0,100.0,metapipe_reactive_style,20,61.25744942567356,58.33685221272234,65.76153767351329,64.88088893572238
200,100,2.0,100.0,peersync_style,20,63.58906958918846,63.16628762825685,71.2486554320545,70.42109434108717
500,250,0.5,10.0,dragonfly_style,20,21.190744611354436,14.46528150342978,16.165252527760362,16.00709496677223
500,250,0.5,10.0,ilrsa_style,20,-27.766509766261997,-6.542524251230846,0.0,0.0
500,250,0.5,10.0,metapipe_reactive_style,20,31.949619219876016,18.14666157344998,18.54901279242262,18.44277284970651
500,250,0.5,10.0,peersync_style,20,26.466097537032034,20.433981602071366,21.71980808262627,21.554486964997253
500,250,0.5,30.0,dragonfly_style,20,20.887781922294323,13.968253178363163,15.701286690542544,15.56987242757191
500,250,0.5,30.0,ilrsa_style,20,-27.766509766261887,-6.542524251230929,0.0,0.0
500,250,0.5,30.0,metapipe_reactive_style,20,32.10463557587455,18.412704644937783,18.795116410425113,18.666382372957386
500,250,0.5,30.0,peersync_style,20,26.466820246807444,20.32068228249418,21.626394225099464,21.507186989291565
500,250,0.5,100.0,dragonfly_style,20,20.42366083487175,9.680700493224167,15.910459248592586,15.80076539737228
500,250,0.5,100.0,ilrsa_style,20,-27.887122249179555,-7.680606977454239,0.0,0.0
500,250,0.5,100.0,metapipe_reactive_style,20,30.741375013852004,12.389245916834884,18.51115069734531,18.375132384018478
500,250,0.5,100.0,peersync_style,20,25.52939764472937,15.691724911078644,21.943256512590704,21.834046733417527
500,250,1.0,10.0,dragonfly_style,20,46.418773388249576,52.08869798078984,50.72085516954153,50.6247851699259
500,250,1.0,10.0,ilrsa_style,20,-25.44744331224125,-5.904372665023493,0.0,0.0
500,250,1.0,10.0,metapipe_reactive_style,20,48.17437112185689,51.49180034570595,50.67781904001666,50.51001649459043
500,250,1.0,10.0,peersync_style,20,50.09466531231503,57.50361466864306,58.30041994932842,58.21653331107846
500,250,1.0,30.0,dragonfly_style,20,44.790983227767796,50.36695875814059,51.08839759830632,50.94602408941917
500,250,1.0,30.0,ilrsa_style,20,-25.447443312241205,-5.904372665023551,0.0,0.0
500,250,1.0,30.0,metapipe_reactive_style,20,47.751775026599496,48.75941284280742,51.455592961510426,51.30543658880222
500,250,1.0,30.0,peersync_style,20,48.19567960432745,53.92937444625901,58.567660431055415,58.47542514487701
500,250,1.0,100.0,dragonfly_style,20,37.396178402502684,37.29439434781616,50.95547148856419,50.89598986940757
500,250,1.0,100.0,ilrsa_style,20,-25.57607410585262,-6.997893046561291,0.0,0.0
500,250,1.0,100.0,metapipe_reactive_style,20,43.972791669667366,40.36160239432892,51.43685142123347,51.2837633252811
500,250,1.0,100.0,peersync_style,20,40.698157200396494,40.28498863662031,58.3077083261028,58.23519709091799
500,250,2.0,10.0,dragonfly_style,20,61.005820676290966,57.795067719429305,59.77582532161859,57.591211708261916
500,250,2.0,10.0,ilrsa_style,20,-29.243949143409463,-13.115452552347305,0.0,0.0
500,250,2.0,10.0,metapipe_reactive_style,20,62.5220115309011,57.651926335327296,59.31888924666882,57.58707886938604
500,250,2.0,10.0,peersync_style,20,62.830676306557265,60.506659634520005,63.400647070549084,61.223236393438434
500,250,2.0,30.0,dragonfly_style,20,59.43467666311779,57.53102795621726,59.257555545333275,57.132412453452
500,250,2.0,30.0,ilrsa_style,20,-29.24394914340938,-13.115452552347193,0.0,0.0
500,250,2.0,30.0,metapipe_reactive_style,20,61.30620987603369,56.979091833606056,58.763052578315474,57.046049818253124
500,250,2.0,30.0,peersync_style,20,61.25599805188235,60.093618781769315,63.400647070549084,61.223236393438434
500,250,2.0,100.0,dragonfly_style,20,52.98560291486443,52.311394672821926,59.239155434932606,57.07616098430098
500,250,2.0,100.0,ilrsa_style,20,-29.51326627214235,-14.249385324114023,0.0,0.0
500,250,2.0,100.0,metapipe_reactive_style,20,57.30575294342613,52.909651446150136,58.80445282671696,56.93440979983729
500,250,2.0,100.0,peersync_style,20,54.20800311070482,54.17875924131123,63.400647070549084,61.223236393438434
1000,500,0.5,10.0,dragonfly_style,20,22.597424043682103,17.332519126526645,15.35199656870649,15.373106898913226
1000,500,0.5,10.0,ilrsa_style,20,-32.6356836675264,-5.951042857744523,0.0,0.0
1000,500,0.5,10.0,metapipe_reactive_style,20,33.00451229943012,19.450674110483195,16.361612099568354,16.367224327737993
1000,500,0.5,10.0,peersync_style,20,27.002051535803268,23.513102170222272,20.82989849090008,20.825823115466136
1000,500,0.5,30.0,dragonfly_style,20,22.67447437841488,17.91133545212468,15.362947505467867,15.388598603843157
1000,500,0.5,30.0,ilrsa_style,20,-32.63568366752634,-5.951042857744526,0.0,0.0
1000,500,0.5,30.0,metapipe_reactive_style,20,33.09947517962024,19.37890939128489,16.33332217960145,16.33927894580033
1000,500,0.5,30.0,peersync_style,20,26.93052086704719,23.126715595427566,21.02579858185369,21.024711364158986
1000,500,0.5,100.0,dragonfly_style,20,21.50809931042155,13.481065031566908,15.050237422392847,15.057846929493719
1000,500,0.5,100.0,ilrsa_style,20,-32.714807219407746,-6.75596886569728,0.0,0.0
1000,500,0.5,100.0,metapipe_reactive_style,20,32.26738170743799,14.79003411904106,16.030346262536547,16.070278839642068
1000,500,0.5,100.0,peersync_style,20,25.90005101532188,17.993413638155562,20.747462272501892,20.72764981813467
1000,500,1.0,10.0,dragonfly_style,20,40.32143908608535,47.47962584920116,46.72357929544788,46.52466666377278
1000,500,1.0,10.0,ilrsa_style,20,-30.18647017412677,-7.643658889237511,0.0,0.0
1000,500,1.0,10.0,metapipe_reactive_style,20,43.55699709675928,47.91630529150243,48.054281447505275,47.82949934096226
1000,500,1.0,10.0,peersync_style,20,43.785593561877775,54.13844484141268,55.54314781727513,55.433819733894126
1000,500,1.0,30.0,dragonfly_style,20,38.94207700751417,46.894151519015324,47.01992053121416,46.843503145612395
1000,500,1.0,30.0,ilrsa_style,20,-30.186470174126697,-7.643658889237471,0.0,0.0
1000,500,1.0,30.0,metapipe_reactive_style,20,42.530022261724,44.534049677179084,48.57129523453958,48.38656860066117
1000,500,1.0,30.0,peersync_style,20,42.440536938067666,51.49248395819463,55.66015093735832,55.58969719662169
1000,500,1.0,100.0,dragonfly_style,20,33.63074872198064,36.475752093914735,47.54760126936719,47.389499997896664
1000,500,1.0,100.0,ilrsa_style,20,-30.324324227024928,-8.765863443679205,0.0,0.0
1000,500,1.0,100.0,metapipe_reactive_style,20,39.927967884149524,35.76736731680485,48.10161604309448,47.930796194761086
1000,500,1.0,100.0,peersync_style,20,36.49338765614903,39.271019391218836,55.19580522147258,55.13791577464085
1000,500,2.0,10.0,dragonfly_style,20,61.88777092077252,64.91975228588254,64.57527253967606,64.0385963175303
1000,500,2.0,10.0,ilrsa_style,20,-35.0132017313054,-12.258985569552495,0.0,0.0
1000,500,2.0,10.0,metapipe_reactive_style,20,63.573880931742714,64.00798927128453,65.50455477266866,64.73958683387008
1000,500,2.0,10.0,peersync_style,20,66.05730086243489,69.41598824843479,71.92467994406658,70.90039679152437
1000,500,2.0,30.0,dragonfly_style,20,60.75102718810853,64.44627900113396,65.19366268887711,64.57502222186295
1000,500,2.0,30.0,ilrsa_style,20,-35.01320173130542,-12.258985569552458,0.0,0.0
1000,500,2.0,30.0,metapipe_reactive_style,20,62.59044151161476,63.329552436771266,66.30011268141028,65.45202455517597
1000,500,2.0,30.0,peersync_style,20,64.29017957012601,68.43685684366322,71.92467994406658,70.90039679152437
1000,500,2.0,100.0,dragonfly_style,20,52.91405971375364,55.66219504186389,64.52368346026962,63.953256370694696
1000,500,2.0,100.0,ilrsa_style,20,-35.38880965563849,-12.880397898567741,0.0,0.0
1000,500,2.0,100.0,metapipe_reactive_style,20,57.08637696614211,56.49945434387547,63.79600591916805,63.05371083708276
1000,500,2.0,100.0,peersync_style,20,54.63404706846139,57.89722237951767,71.92467994406658,70.90039679152437
